T,P,X1,rho,RHOcal,P_cal,Dev_P,Dev_RHO,Bm,Cm
283.37,190.7,0.33,0.0881438393586974,0.085198420818776,196.939369503429,3.27182459540051,-3.34160454247419,-0.595170684648313,0.100724483999631
288.36,194.9,0.33,0.0881326383130405,0.0853661537296947,200.895514318666,3.07620026611888,-3.13900121033424,-0.569351729219458,0.119873938889896
293.35,199.1,0.33,0.0881214401138102,0.0855333116992681,204.834279372676,2.88010013695414,-2.93700195003562,-0.54475030466495,0.132464421127363
298.35,203.2,0.33,0.0881102223271986,0.0856517740456263,208.765376269728,2.73886627447244,-2.79019643423761,-0.521235007838215,0.13964683042082
303.34,207.3,0.33,0.0880990298232661,0.0857738012026068,212.674735168572,2.59273283578011,-2.63933510428417,-0.498822171928889,0.142364011361747
308.33,211.2,0.33,0.088087840162505,0.0858107156097264,216.57169377532,2.54341561331443,-2.58506117141454,-0.477393036168786,0.141456781211251
313.33,215.6,0.33,0.0880766309282106,0.0860545228257525,220.465318558821,2.25664126104878,-2.29585087570656,-0.456842962079997,0.137608392901651
318.31,219.8,0.33,0.0880654693661649,0.0862172134030435,224.333416203906,2.06251874609004,-2.09872947526857,-0.437233726145262,0.131433329055522
323.31,224,0.33,0.0880542658241819,0.0863707317006693,228.208060833852,1.878598586541,-1.91192795460262,-0.418353759224498,0.123373329061122
328.3,228.2,0.33,0.0880430875309679,0.0865242847022692,232.066861683387,1.69450555801365,-1.72506765867841,-0.400269241077584,0.113881801870263
333.28,232.1,0.33,0.0880319344683778,0.0865619519323667,235.910643238779,1.64181096026682,-1.66982873304807,-0.382930276490627,0.103308905798675
338.28,235.9,0.33,0.0880207394567353,0.0865566729339098,239.76322595558,1.63765407188646,-1.66331995375383,-0.366192588837409,0.0918732290693783
343.27,239.8,0.33,0.0880095696735565,0.0865934307302806,243.602079540589,1.58552107614207,-1.60907381836836,-0.350119948275501,0.0798775934378238
348.28,243.6,0.33,0.087998357973289,0.0865883518437012,247.450802521408,1.58078921240067,-1.60230959084007,-0.334581651969167,0.0674450412624101
353.28,247.4,0.33,0.0879871714993139,0.0865875731080333,251.286805780947,1.57106135042321,-1.59068460484782,-0.319639286489469,0.0548106426755512
283.37,320.9,0.4364,0.151886393480875,0.148598205190212,327.35229638891,2.01068756276413,-2.16489984079907,-0.571306418829565,0.0668979565318367
288.36,328.8,0.4364,0.151867092229189,0.149014452724637,334.553171766674,1.74974810421951,-1.87837895799513,-0.548184820487834,0.0902733949182197
293.35,336.4,0.4364,0.151847795882366,0.149293167572837,341.688907061266,1.57220780655937,-1.68236113977407,-0.52593124785608,0.106010227401161
298.35,343.5,0.4364,0.15182846578325,0.149340332064401,348.782875999949,1.53795516737949,-1.63877946471536,-0.504453900969306,0.115520970123151
303.34,350.3,0.4364,0.151809179250366,0.14927403190916,355.81466511828,1.57426923159589,-1.6699565558055,-0.483792821427411,0.119935800801554
308.33,356.2,0.4364,0.151789897616735,0.148823865120476,362.805352596442,1.85439432802966,-1.95403814274145,-0.463861926240345,0.12025085338786
313.33,363.8,0.4364,0.151770582254674,0.149147066637056,369.774724231966,1.64231012423468,-1.7286061492576,-0.44458413565074,0.117265519620229
318.31,371,0.4364,0.151751349039772,0.149308016161182,376.686112263919,1.53264481507238,-1.61008972509982,-0.426036761422018,0.111677897483198
323.31,377.9,0.4364,0.151732043486503,0.149334229823841,383.599382882557,1.50817223671798,-1.58029484581165,-0.408036968662116,0.104002020524315
328.3,384.8,0.4364,0.151712781441034,0.149372963637846,390.476711848399,1.47523696683973,-1.54226808114919,-0.390663170927576,0.0947401319000919
333.28,391.4,0.4364,0.151693562872097,0.149301117166297,397.321425429439,1.51288334937118,-1.57715703982638,-0.373882634204792,0.0842828654592114
338.28,398.1,0.4364,0.151674272018015,0.149266275631277,404.177455448999,1.52661528485278,-1.58761031432689,-0.357568580754536,0.0728796321537775
343.27,404.6,0.4364,0.151655024636742,0.149164769756339,411.005979758453,1.58328713753156,-1.64205233975476,-0.341794944887344,0.0608561066821696
348.28,411.3,0.4364,0.151635705025402,0.149136563154593,417.850050929111,1.59252393122067,-1.64812230100448,-0.326444351446257,0.0483528941661851
353.28,417.9,0.4364,0.15161642888313,0.149079939043172,424.670398764888,1.62010020696059,-1.67296503330332,-0.311587653127914,0.0356189697534323
288.36,586.5,0.7208,0.291261745861898,0.283166662554642,600.582247606454,2.40106523554196,-2.77931565757152,-0.486281329471587,0.0198504697729796
293.35,606.8,0.7208,0.291224737925669,0.286609896690953,615.088916636537,1.36600471927113,-1.58463229037015,-0.468785526131742,0.0291418375103778
298.35,621.9,0.7208,0.29118766525684,0.287133250380246,629.416786742734,1.20868093628147,-1.3923717795595,-0.451717711809833,0.0343935401156262
303.34,635.3,0.7208,0.291150676142497,0.286835396538687,643.545589924635,1.29790491494334,-1.48214651636197,-0.435131862012163,0.0364050529618934
308.33,649.2,0.7208,0.291113696424299,0.286873683081979,657.535030800556,1.28389260637026,-1.45648019808056,-0.4189792874375,0.0358581246575686
313.33,662.6,0.7208,0.291076652019265,0.286700998072812,671.43858711089,1.33392500918962,-1.50326517640571,-0.403215015767125,0.0332902154830149
318.31,676.3,0.7208,0.291039765162021,0.286748416640093,685.194668374449,1.31519567861135,-1.47448872477565,-0.387918834529587,0.0291657391270465
323.31,689.6,0.7208,0.291002739569003,0.286611424333694,698.931810746849,1.35322081595836,-1.50902882969868,-0.372954609822343,0.0238143445086157
328.3,702.1,0.7208,0.290965797418404,0.286150718783649,712.582426131967,1.49301041617529,-1.65486070097457,-0.358400409757818,0.0175595188688594
333.28,715.3,0.7208,0.290928938650257,0.286054888170791,726.159401502921,1.51816042260884,-1.67534054950969,-0.3442414752762,0.0106458411436039
338.28,728.2,0.7208,0.290891941248406,0.285821685831256,739.75490203254,1.58677589021429,-1.74300305308896,-0.330381459652929,0.0032247621085794
343.27,740.9,0.7208,0.290855027221867,0.285533877746529,753.296008338415,1.67310140888306,-1.82948513084467,-0.316892835247073,-0.0045027221110091
348.28,753.8,0.7208,0.290817974667258,0.285326032987557,766.871393739672,1.73406656137863,-1.88844643663582,-0.303684097938177,-0.0124556719460355
353.28,766.6,0.7208,0.290781005480786,0.28510054746073,780.405803882426,1.80091362932769,-1.95351756579272,-0.290824300681788,-0.0204840027112398
288.36,625.8,0.7796,0.311171412809441,0.304525845954863,637.147543750419,1.81328599399472,-2.135661111854,-0.472515724292436,0.0110079156132939
293.35,650.3,0.7796,0.311131875135973,0.309834479649332,652.585403515183,0.351438338487264,-0.41699214716387,-0.455727995604148,0.0180442302785334
298.35,667.4,0.7796,0.311092268305004,0.310846642670698,667.846661176136,0.0669255583062446,-0.0789558787959848,-0.439383430520987,0.0218651724608349
303.34,682.6,0.7796,0.311052750740022,0.310888660884732,682.907613139164,0.045064919303203,-0.0527530635558472,-0.423529909185457,0.0231226909763194
308.33,695.9,0.7796,0.311013243213475,0.310013497377126,697.829930661379,0.2773287342117,-0.321447995596302,-0.408117403808377,0.0223673999250713
313.33,711.2,0.7796,0.310973666578318,0.310233308603103,712.668933747262,0.206542990334973,-0.238077385574482,-0.393100035211232,0.0200314369233302
318.31,725.9,0.7796,0.310934258260385,0.310218797531889,727.357306095863,0.20075851988747,-0.230100321688243,-0.378551012724065,0.016488386129287
323.31,740.4,0.7796,0.310894701723169,0.310114080646094,742.030911966951,0.220274441781601,-0.251088575247121,-0.364338392038122,0.0119990299893014
328.3,755,0.7796,0.310855234332214,0.310100228020024,756.616360646161,0.214087502802836,-0.242880359988746,-0.350534169813743,0.00682162447420189
333.28,769.2,0.7796,0.310815856023454,0.309937070500454,771.126344077775,0.250434747500659,-0.282735100532963,-0.337122238338619,0.00114921212078564
338.28,783.5,0.7796,0.310776329604458,0.30981405035319,785.658455040856,0.275488837377946,-0.309637240549599,-0.324009575281255,-0.00490050047712624
343.27,797.5,0.7796,0.31073689226003,0.309588595234514,800.133969598818,0.330278319600989,-0.369539972278175,-0.311263152427038,-0.0111687374168486
348.28,811.3,0.7796,0.31069730691822,0.309269791714204,814.647004810243,0.412548355755386,-0.459455287261696,-0.298795043691839,-0.0175939624411388
353.28,824.8,0.7796,0.310657810643312,0.308855739069375,829.116532577184,0.523342940977737,-0.580082493405027,-0.2866691061181,-0.0240583268472823
283.37,443.4,0.7796,0.213519572921865,0.209744368507135,450.450526517591,1.5901052137101,-1.76808353588848,-0.489796891911154,-7.12236444640989e-05
288.36,454.3,0.7796,0.213492439516941,0.210276331396817,460.478200869332,1.35993855807432,-1.50642717250346,-0.472515724292436,0.0110079156132939
293.35,464.5,0.7796,0.213465313007198,0.210462665831769,470.426477900908,1.27588329405984,-1.40662065097532,-0.455727995604148,0.0180442302785334
298.35,474.6,0.7796,0.213438139048996,0.210609833231737,480.329387801243,1.20720349794422,-1.32511735243824,-0.439383430520987,0.0218651724608349
303.34,484.1,0.7796,0.213411026335539,0.21049396118629,490.159160532224,1.25163406986648,-1.3668764914995,-0.423529909185457,0.0231226909763194
308.33,492.7,0.7796,0.213383920509377,0.209979653070896,499.945461932599,1.47056260048695,-1.59537205538009,-0.408117403808377,0.0223673999250713
313.33,503.1,0.7796,0.213356767268303,0.210319560779902,509.715934706794,1.31503373221904,-1.42353417109169,-0.393100035211232,0.0200314369233302
318.31,512.6,0.7796,0.213329729508449,0.210269286143314,519.418802026975,1.3302383977712,-1.43460706212287,-0.378551012724065,0.016488386129287
323.31,522.5,0.7796,0.213302590056426,0.210388173320173,529.137623572322,1.27035857843475,-1.36632974568299,-0.364338392038122,0.0119990299893014
328.3,532.5,0.7796,0.213275511767003,0.210559656882904,538.818682121021,1.18660697108375,-1.27340211803874,-0.350534169813743,0.00682162447420189
333.28,541.4,0.7796,0.213248494596224,0.210274370939482,548.465946134744,1.30512488635841,-1.39467510069605,-0.337122238338619,0.00114921212078564
338.28,551,0.7796,0.213221375808092,0.210276517428622,558.140705164551,1.29595375037224,-1.38112718216392,-0.324009575281255,-0.00490050047712624
343.27,560.4,0.7796,0.213194318133371,0.210207836627745,567.787539451883,1.31826185793778,-1.40082603128193,-0.311263152427038,-0.0111687374168486
348.28,569.5,0.7796,0.213167158918726,0.210009241757956,577.466636846519,1.39888267717622,-1.48142761614319,-0.298795043691839,-0.0175939624411388
353.28,578.4,0.7796,0.213140060812233,0.209748649632062,587.121845027036,1.50792618033118,-1.59116553089399,-0.2866691061181,-0.0240583268472823
298.34,835.2,0.8172,0.432386358371983,0.407127444035617,875.691123472369,4.84807512839668,-5.84174635653884,-0.431270517383488,0.015717935596858
303.33,872.1,0.8172,0.432331432994194,0.416858518995609,897.692433105468,2.93457551948953,-3.57894726539411,-0.415864550415658,0.0166035033802408
308.32,896.3,0.8172,0.432276521568806,0.418793681216459,919.367045069125,2.57358530281437,-3.11903137913104,-0.400917004866739,0.0158219685168384
313.33,918.9,0.8172,0.432221404088585,0.419793949575026,940.860213032563,2.38983709136613,-2.87525198798618,-0.386351418383032,0.013731851252569
318.31,938.2,0.8172,0.43216663058092,0.419107761149727,962.007993320269,2.53762452784785,-3.0217209074286,-0.372293636753563,0.0106560824047561
323.31,952.1,0.8172,0.432111651063702,0.415648168654249,983.064896742381,3.25227357865572,-3.81000659642604,-0.358583905229099,0.00680865868679953
328.3,978.6,0.8172,0.432056795450614,0.418935614553355,1003.93853518164,2.58926376268537,-3.03691112729157,-0.345289260355022,0.00240528713451575
333.28,997.8,0.8172,0.432002063652613,0.418465189027067,1024.65835393416,2.69175725938643,-3.13352082420406,-0.332391822271515,-0.00239400150302219
338.27,1018.2,0.8172,0.431947235857988,0.418621373864252,1045.33140778909,2.66464425349574,-3.08506708400769,-0.319824996756629,-0.00748216683681712
343.27,1041,0.8172,0.431892312145114,0.419921505789681,1065.97710187886,2.39933735627896,-2.77171091468987,-0.307576798730517,-0.0127589716365248
348.28,1057.4,0.8172,0.431837292592472,0.418184260396786,1086.61169928984,2.76259686871952,-3.16161490215969,-0.295635777841028,-0.0181434699859037
353.28,1078.1,0.8172,0.431782396833661,0.418512350463506,1107.16665221784,2.69609982541922,-3.07331805730562,-0.284036766881926,-0.0235489855301297
288.36,591.9,0.8172,0.299454708772701,0.284141781441844,618.747416013864,4.5358026717122,-5.11360378790388,-0.46353954292714,0.0070099830735728
293.35,613.1,0.8172,0.29941665983245,0.288208918429342,633.343186033779,3.30177557230126,-3.74319231581175,-0.447155095189955,0.0127086097709804
298.35,629.4,0.8172,0.299378544338723,0.289486234015321,647.807779362559,2.92465512592295,-3.30428165627291,-0.431239172011499,0.0157216649300613
303.34,644.3,0.8172,0.299340514749802,0.290038573365768,662.112072078077,2.76456186218801,-3.10747824824471,-0.415834143564682,0.0166034676572972
308.33,658.8,0.8172,0.299302494821333,0.29040619719002,676.308884612984,2.65769347495202,-2.97234329323677,-0.400887497115962,0.0158189886094644
313.33,673.2,0.8172,0.299264408386438,0.290729523959478,690.446098501523,2.56180904657197,-2.85195438808705,-0.386351418383032,0.013731851252569
318.31,687.5,0.8172,0.299226483931028,0.291044669000955,704.455459772948,2.46624869424701,-2.73432178281342,-0.372293636753563,0.0106560824047561
323.31,701.2,0.8172,0.299188416837316,0.291060620598479,718.463103367199,2.46193716018244,-2.71661460853183,-0.358583905229099,0.00680865868679953
328.3,714.5,0.8172,0.299150435533193,0.290923035488257,732.396104085212,2.50470316098138,-2.75025507827573,-0.345289260355022,0.00240528713451575
333.28,728.2,0.8172,0.299112539957005,0.29099662197083,746.264096865679,2.48065048965648,-2.71333257620744,-0.332391822271515,-0.00239400150302219
338.28,741.7,0.8172,0.299074501847454,0.290965833203313,760.158327677074,2.48865143279955,-2.71125374916705,-0.319800161489468,-0.00749257251343841
343.27,754.6,0.8172,0.2990365494585,0.290698440092364,774.001830057488,2.57114100947356,-2.78832449786976,-0.307576798730517,-0.0127589716365248
348.28,767.6,0.8172,0.298998454644788,0.290466840985343,787.883183655961,2.64241579676413,-2.85339724233054,-0.295635777841028,-0.0181434699859037
353.28,780.9,0.8172,0.298960445544294,0.290382549605976,801.723699927011,2.66662824010894,-2.8692410872956,-0.284036766881926,-0.0235489855301297
283.37,598.2,0.9234,0.304650431221184,0.292800177349931,618.549513402542,3.40179093990999,-3.88978732895658,-0.45358691026745,-0.000554500380081758
288.36,625.9,0.9234,0.304611717189502,0.300432281738184,633.279483960879,1.1790196454512,-1.37205340946175,-0.437454822367049,0.0041083940994279
293.35,642.1,0.9234,0.304573012995888,0.301402930597616,647.869760387008,0.898576605981655,-1.04082839352399,-0.422000866076923,0.00707352911468499
298.35,657,0.9234,0.304534241102657,0.301668291752068,662.371665846846,0.817605151726938,-0.941092646991684,-0.407153034607299,0.00871706494125745
303.34,670.8,0.9234,0.304495556593629,0.301411923780293,676.745579257503,0.88634157088591,-1.01270207284223,-0.392931342548546,0.00932818199528892
308.33,684.4,0.9234,0.304456881911418,0.301107619241428,691.035707712624,0.969565709033318,-1.1000778333412,-0.379269394945737,0.00914503541026127
313.33,698.9,0.9234,0.304418139577452,0.301279155123161,705.282945340182,0.913284495662073,-1.03114238154408,-0.366108202034511,0.00835081449007225
318.31,712.9,0.9234,0.304379562012473,0.301256329201584,719.412334988713,0.913499086647926,-1.02609806987025,-0.35349464979443,0.00709891932347047
323.31,726.5,0.9234,0.304340839352771,0.301043355501141,733.545986182981,0.969853569577561,-1.08348385272333,-0.341299148856631,0.00549646961468854
328.3,740.2,0.9234,0.304302203960068,0.300917158143974,747.606125334955,1.00055732706774,-1.11239608916483,-0.329570185489948,0.0036449788393846
333.28,754.2,0.9234,0.30426365577165,0.300958266840918,761.599020656837,0.981042250972852,-1.08635680536652,-0.318281041470723,0.00161946383478479
338.28,767.6,0.9234,0.304224962595255,0.300724285305032,775.613912924457,1.04402200683389,-1.15068706405952,-0.307342540741958,-0.000534259431295377
343.27,780.4,0.9234,0.304186356615679,0.300267009996365,789.570873851639,1.17515041666319,-1.28846890535119,-0.29680069825623,-0.00275737481233435
348.28,793.7,0.9234,0.304147605758602,0.300023858346634,803.55735103855,1.24194923000502,-1.35583753871158,-0.286573781772163,-0.00502678330291554
353.28,807.3,0.9234,0.304108942090838,0.29993250170836,817.492583904461,1.26255219923958,-1.37333692122437,-0.276705977230752,-0.00730029940195672
288.36,668.6,0.8747,0.334775950142467,0.326727134040122,682.182663269719,2.03150811691871,-2.40423964114512,-0.449550642169398,0.0037790049025
293.35,696.2,0.8747,0.334733413258754,0.333348357616108,698.608120223865,0.345894889954691,-0.41377872294336,-0.433708234427534,0.0077539681191764
298.35,713.8,0.8747,0.334690801971458,0.334085183440808,714.88688243473,0.152267082478301,-0.180948662790421,-0.418396755996147,0.0098185191263933
303.34,730.3,0.8747,0.3346482867216,0.334278055253627,730.984885347354,0.0937813703072862,-0.110633008643057,-0.403647718598972,0.010379368900167
308.33,745.2,0.8747,0.334605782271662,0.333681616025138,746.960393175645,0.236230968282972,-0.276195539793049,-0.389402351764513,0.00977397091082882
313.33,761.6,0.8747,0.334563203470742,0.333916591945829,762.866226404466,0.166258719073734,-0.193270365122492,-0.375607837433173,0.008264308765123
318.31,776.9,0.8747,0.334520805755089,0.333663271127544,778.624686869223,0.221995992949254,-0.256347172669698,-0.362321603555285,0.00607486044565941
323.31,792.9,0.8747,0.334478248576681,0.333762532377057,794.376875953681,0.18626257455935,-0.213979893362098,-0.349414517653636,0.00335946907304868
328.3,808.4,0.8747,0.334435787306902,0.333660461589576,810.040121386436,0.202884882042994,-0.231830966288082,-0.336944405153459,0.000270097959139601
333.28,823.6,0.8747,0.334393421876829,0.333459027334233,825.624753924359,0.245841904366028,-0.279429702101179,-0.324889303659697,-0.00308148842934175
338.28,838.5,0.8747,0.334350897101318,0.333119021871212,841.232871697863,0.325923875714113,-0.368437842035498,-0.313159415505126,-0.00662833030041951
343.27,852.9,0.8747,0.334308468157307,0.332600117188926,856.777666276416,0.454644891126248,-0.511010378467737,-0.301809046003155,-0.0102796401217764
348.28,867.7,0.8747,0.334265879989273,0.332258884059799,872.358336554743,0.536860269072653,-0.600419022586976,-0.290754771682828,-0.0140017001127177
353.28,882.7,0.8747,0.33422338764449,0.332036814429877,887.886367456149,0.587557205862544,-0.65422507683373,-0.280048547466066,-0.0177282190970762
288.36,692.2,0.9726,0.350388626517258,0.33656376240653,715.758155555347,3.40337410507754,-3.9455801542823,-0.425004009781756,0.00763786185184289
293.35,715.4,0.9726,0.350344105875156,0.340408884412993,732.859570657127,2.44053266104654,-2.83584661353015,-0.409876712057289,0.0101483492502714
298.35,733.4,0.9726,0.350299507359571,0.341229417210869,749.841976317576,2.24188387204473,-2.58923862527476,-0.395452313461468,0.011834240801963
303.34,749.7,0.9726,0.350255009360245,0.341176800839603,766.65849196142,2.26203707635319,-2.59188542006113,-0.381737070932913,0.0128788765968837
308.33,765.7,0.9726,0.350210522664507,0.341025043423011,783.360471005715,2.30644782626546,-2.62284501665163,-0.368654721968016,0.0134336710993813
313.33,781.9,0.9726,0.350165958150339,0.341011124700198,799.995340157844,2.3142780608574,-2.61442702725854,-0.356138240837388,0.0136133520302421
318.31,798.1,0.9726,0.350121583166566,0.341068268145834,816.475420676858,2.30239577457184,-2.58576319084722,-0.344222171031287,0.0135072913077108
323.31,814.2,0.9726,0.350077041283302,0.341077047691645,832.943033017555,2.30201830232807,-2.57086084784791,-0.332775156979366,0.0131848099783725
328.3,829.8,0.9726,0.350032599781481,0.340895856144084,849.307505447623,2.35086833545711,-2.61025505712907,-0.321834817798458,0.0127020493417126
333.28,845,0.9726,0.349988258588964,0.340580603427201,865.576328166575,2.43506842207984,-2.68799164854611,-0.311368421675988,0.0121027972023089
338.28,860.3,0.9726,0.349943750619745,0.340318031870729,881.853375292588,2.50533247618139,-2.75064742032668,-0.301286712312004,0.0114168126026858
343.27,876.2,0.9726,0.349899342951242,0.340361476240326,898.046005513492,2.49326700678974,-2.72588871715743,-0.291626088427645,0.0106743399151893
348.28,891,0.9726,0.349854768633114,0.339925151542262,914.255923336176,2.61009240585588,-2.83821116106176,-0.28230610370673,0.00989150407549988
353.28,906.3,0.9726,0.349810294607069,0.339744158755799,930.389827570927,2.65804121934535,-2.8775985173841,-0.27336194397858,0.0090890400935105
313.15,649.7,0,0.288867484491595,0.28858048486146,650.248324428053,0.0843965565726701,-0.0993533871214778,-0.484560433308687,0.0543830323722275
318.15,665.2,0,0.288816440618876,0.289042232805292,664.75581010217,-0.0667753905336613,0.0781784395417578,-0.462041217678637,0.0426970113080273
323.15,679.7,0,0.288765396746157,0.289035069828687,679.154119424823,-0.080311986932074,0.0933882956780625,-0.441263035787637,0.0333913484182921
303.15,497.8,0,0.223572162509398,0.223204070612856,498.517975116324,0.144229633652907,-0.164641202380098,-0.535484375290372,0.0875424684836036
308.15,510,0,0.223531327411223,0.223768961967481,509.523463583471,-0.0934385130449523,0.106309285150355,-0.508981823085042,0.0690682501780924
313.15,521,0,0.223490492313048,0.223754093897585,520.456811962887,-0.104258740328867,0.117947560904835,-0.484560433308687,0.0543830323722275
318.15,531.7,0,0.223449657214873,0.223633665788178,531.310687333146,-0.0732203623949241,0.0823490067510792,-0.462041217678637,0.0426970113080273
323.15,542.3,0,0.223408822116698,0.223509942553421,542.080530438835,-0.0404701385146701,0.0452625083312574,-0.441263035787637,0.0333913484182921
293.15,371.6,0,0.169179811739989,0.168744139844529,372.460934521186,0.231683132719494,-0.257520026165551,-0.59555263129295,0.140192764856943
298.15,380.5,0,0.169154289803629,0.169090715192012,380.629016966439,0.0339072185122348,-0.0375838009729587,-0.564267277564033,0.110817219883507
303.15,388.9,0,0.169123663479998,0.169200345222935,388.740285818966,-0.0410681874604323,0.0453406349883395,-0.535484375290372,0.0875424684836036
308.15,396.9,0,0.169093037156366,0.169139963087896,396.799757212982,-0.0252564341188153,0.027751545728108,-0.508981823085042,0.0690682501780924
313.15,404.9,0,0.169062410832735,0.169106118125303,404.804317924029,-0.0236310387679593,0.0258527560043886,-0.484560433308687,0.0543830323722275
318.15,412.6,0,0.169031784509103,0.168963845284306,412.752306422434,0.0369138202700455,-0.0401931654423776,-0.462041217678637,0.0426970113080273
323.15,420.4,0,0.169001158185472,0.168895165941957,420.643133065668,0.0578337454015809,-0.062716874045996,-0.441263035787637,0.0333913484182921
283.15,275,0,0.127650516895777,0.12712368527825,276.043174855523,0.379336311099368,-0.412714049530215,-0.66665302444489,0.224453337089303
288.15,281.6,0,0.127624994959418,0.127389727866283,282.078030436264,0.169755126514111,-0.184342489658441,-0.629588593562362,0.177346915067422
293.15,287.8,0,0.12760457741033,0.127463914893944,288.093110771243,0.101845299250657,-0.110233127401165,-0.59555263129295,0.140192764856943
298.15,294.1,0,0.12757905547397,0.12759597491832,294.063869892387,-0.012284973686751,0.0132619294650143,-0.564267277564033,0.110817219883507
303.15,300.3,0,0.127558637924883,0.127691394414113,300.00969037075,-0.0966732032135018,0.104074872066799,-0.535484375290372,0.0875424684836036
308.15,306,0,0.127533115988523,0.127574500857909,305.907378768941,-0.0302683761632062,0.0324502926668291,-0.508981823085042,0.0690682501780924
313.15,311.7,0,0.127512698439436,0.127478123808399,311.779136342149,0.0253886243660978,-0.0271146571755086,-0.484560433308687,0.0543830323722275
318.15,317.4,0,0.127487176503076,0.127400817009106,317.602012525436,0.0636460382594583,-0.0677397494703758,-0.462041217678637,0.0426970113080273
323.15,323.1,0,0.127466758953989,0.127341115832341,323.400170307459,0.0929032211263949,-0.0985693232323406,-0.441263035787637,0.0333913484182921
278.15,208,0,0.0963708316935489,0.0962348461441736,208.27414707818,0.131801479894282,-0.141106543323927,-0.707057733541714,0.284339880213394
283.15,212.8,0,0.0963504141444613,0.0963827821565968,212.733112839481,-0.0314319363340774,0.0335940560535518,-0.66665302444489,0.224453337089303
288.15,217.5,0,0.0963351009826456,0.0964859666825604,217.180647817384,-0.146828589708323,0.156605119396732,-0.629588593562362,0.177346915067422
293.15,222,0,0.0963197878208299,0.0965021036205783,221.604921957356,-0.177963082272175,0.189281770520079,-0.59555263129295,0.140192764856943
298.15,226.4,0,0.0962993702717423,0.0964825911495976,225.993811181813,-0.179412022167599,0.190261761149921,-0.564267277564033,0.110817219883507
303.15,230.6,0,0.0962840571099266,0.0963857857360001,230.369421055318,-0.0999908693329986,0.105654694169515,-0.535484375290372,0.0875424684836036
308.15,234.6,0,0.0962687439481108,0.0962165876825217,234.720793313085,0.0514890507609372,-0.0541777771788983,-0.508981823085042,0.0690682501780924
313.15,239,0,0.0962483263990232,0.0962330055039504,239.036230071385,0.0151590256839603,-0.0159180898474055,-0.484560433308687,0.0543830323722275
318.15,243.2,0,0.0962330132372075,0.0961749230603981,243.340183250961,0.0576411393753535,-0.0603640838578304,-0.462041217678637,0.0426970113080273
323.15,247.4,0,0.0962125956881199,0.0961276995116043,247.608950875154,0.0844587207576108,-0.0882381105180636,-0.441263035787637,0.0333913484182921
353.15,1548.1,0,0.690419422397745,0.68970004193387,1549.22306528257,0.0725447505053113,-0.104194702602239,-0.345917032419422,0.00636595545809498
358.15,1586.3,0,0.690291812715948,0.69038489738952,1586.14881858023,-0.00953044315509506,0.0134848294385224,-0.33394365665613,0.00453229567683329
363.15,1623.9,0,0.690159098646878,0.690939847120856,1622.5833501429,-0.0810794911696417,0.113125868442263,-0.322866613539054,0.00310028261359971
368.15,1661,0,0.690026384577808,0.691446836642295,1658.51743657783,-0.149461976048928,0.205854746460944,-0.312618496604458,0.00199136282824644
373.15,1697.7,0,0.689893670508739,0.69197218392885,1693.94212495038,-0.221350948319518,0.301280256503609,-0.303137680313861,0.00114234617346836
378.15,1734.2,0,0.689766060826941,0.692624049726112,1728.86434660733,-0.307672321108613,0.414341769112925,-0.294367753434457,0.0005023126826304
383.15,1770.5,0,0.689633346757872,0.693391253938443,1763.26755093555,-0.408497546707097,0.544913786178994,-0.286257015089551,3.01660495561637e-05
388.15,1806.5,0,0.689500632688802,0.694211951915935,1797.1668851991,-0.516640730744806,0.683294402321347,-0.278758025762775,-0.000307306920283506
393.15,1842.4,0,0.689362814232461,0.695177712979277,1830.56058372198,-0.642608352041917,0.843517901859956,-0.271827206584874,-0.000536979705526981
338.15,1173.7,0,0.521076270265056,0.520347161112682,1174.94726427134,0.106267723553166,-0.139923691401755,-0.387989923191322,0.0153829346323062
343.15,1202,0,0.520979286906889,0.520771755609914,1202.36773441258,0.03059354513942,-0.039834846066094,-0.372855223781343,0.0116538437846298
348.15,1229.7,0,0.520882303548723,0.520994013703195,1229.49524869969,-0.0166505082792661,0.021446333213988,-0.358860566452442,0.00869910072684666
353.15,1257,0,0.520785320190557,0.521148463925172,1256.31250871052,-0.0546930222340367,0.0697300251248341,-0.345917032419422,0.00636595545809498
358.15,1283.8,0,0.520683232445119,0.521195751682846,1282.79918999674,-0.0779568471145209,0.0984320611439686,-0.33394365665613,0.00453229567683329
363.15,1310.4,0,0.520586249086953,0.52129727514193,1308.96990624253,-0.109134139000955,0.13658179719969,-0.322866613539054,0.00310028261359971
368.15,1336.8,0,0.520489265728787,0.521449195177337,1334.81403102352,-0.148561413560442,0.184428289257197,-0.312618496604458,0.00199136282824644
373.15,1363,0,0.520387177983348,0.521646798647188,1360.32282507824,-0.196417822579259,0.242054515778202,-0.303137680313861,0.00114234617346836
378.15,1389.1,0,0.520290194625182,0.521930829970036,1385.52213228002,-0.257567325605074,0.31533082149196,-0.294367753434457,0.0005023126826304
383.15,1415.1,0,0.520188106879744,0.52229268757475,1410.39608645617,-0.332408560796468,0.404580702090618,-0.286257015089551,3.01660495561637e-05
388.15,1441,0,0.520086019134306,0.522724271012452,1434.96290107138,-0.418952042236107,0.507272216726147,-0.278758025762775,-0.000307306920283506
393.15,1466.8,0,0.51998903577614,0.523218033368123,1459.24275228943,-0.515220051170311,0.620974168650212,-0.271827206584874,-0.000536979705526981
328.15,895.7,0,0.391450355495052,0.391390701152852,895.81092344462,0.01238399515687,-0.0152393123067963,-0.422080552605567,0.0259795414916471
333.15,916,0,0.391378894073245,0.391450261365567,915.863068463272,-0.0149488577214299,0.0182348341728865,-0.404362459830461,0.0200779071463637
338.15,936.1,0,0.391307432651438,0.39149610026828,935.726913873831,-0.0398553708117388,0.0482146775396164,-0.387989923191322,0.0153829346323062
343.15,955.7,0,0.39123086684236,0.391387364825061,955.381398262243,-0.033337003009038,0.040001440572417,-0.372855223781343,0.0116538437846298
348.15,975,0,0.391159405420553,0.391235420438609,974.840863778262,-0.0163216637679514,0.0194332584114292,-0.358860566452442,0.00869910072684666
353.15,994.1,0,0.391087943998746,0.391091430324561,994.09250316603,-0.000754132780448199,0.000891442926764603,-0.345917032419422,0.00636595545809498
358.15,1013,0,0.391011378189668,0.390954753204337,1013.12493682623,0.0123333490845651,-0.0144816720148884,-0.33394365665613,0.00453229567683329
363.15,1032,0,0.390939916767861,0.390956617853761,1031.96223165231,-0.00365972361314808,0.00427203393233137,-0.322866613539054,0.00310028261359971
368.15,1050.8,0,0.390863350958783,0.390956263557484,1050.58485057248,-0.0204748218046347,0.0237711206418527,-0.312618496604458,0.00199136282824644
373.15,1069.6,0,0.390791889536976,0.391036539689113,1069.0204626508,-0.0541826242708506,0.0626036923199761,-0.303137680313861,0.00114234617346836
378.15,1088.4,0,0.390715323727897,0.391190222042709,1087.25020173417,-0.105641149010535,0.12154586369446,-0.294367753434457,0.0005023126826304
383.15,1107.2,0,0.390638757918819,0.39141066011867,1105.29143989703,-0.17237717692996,0.197600003635978,-0.286257015089551,3.01660495561637e-05
388.15,1125.9,0,0.390567296497012,0.391652108515196,1123.16293141322,-0.243100505087867,0.277752906583189,-0.278758025762775,-0.000307306920283506
393.15,1144.4,0,0.390490730687934,0.391872394034251,1140.84521313594,-0.310624507520388,0.353827437563803,-0.271827206584874,-0.000536979705526981
328.15,709.5,0,0.296432186428557,0.296465911437404,709.430382093992,-0.00981224890876574,0.0113769726738468,-0.422080552605567,0.0259795414916471
333.15,723.9,0,0.296381142555838,0.296325283840095,724.018461158611,0.0163642987444729,-0.0188469196323465,-0.404362459830461,0.0200779071463637
338.15,738.1,0,0.296324994295847,0.296158514975602,738.462358335549,0.0490933932460454,-0.0561813290980237,-0.387989923191322,0.0153829346323062
343.15,752.1,0,0.296268846035856,0.295968190695493,752.771008048966,0.0892179296590994,-0.101480579003215,-0.372855223781343,0.0116538437846298
348.15,766,0,0.296212697775865,0.295799570360512,766.944536363479,0.123307619253172,-0.139469853404528,-0.358860566452442,0.00869910072684666
353.15,780.2,0,0.296156549515874,0.295821339861301,780.984348980076,0.100531784167672,-0.113186642375958,-0.345917032419422,0.00636595545809498
358.15,794.1,0,0.296100401255883,0.295769077600528,794.892785437621,0.0998344588365131,-0.11189571305894,-0.33394365665613,0.00453229567683329
363.15,807.8,0,0.296044252995892,0.295687255005882,808.672852982703,0.108053105063488,-0.120589400536513,-0.322866613539054,0.00310028261359971
368.15,821.6,0,0.295988104735902,0.295696471172263,822.328022030869,0.0886102763959416,-0.0985288121287006,-0.312618496604458,0.00199136282824644
373.15,835.5,0,0.295931956475911,0.29578979794505,835.862069324644,0.0433356462769238,-0.0480375734184796,-0.303137680313861,0.00114234617346836
378.15,849.3,0,0.29587580821592,0.295883911171798,849.278958078969,-0.00247756046525174,0.00273863413403876,-0.294367753434457,0.0005023126826304
383.15,863,0,0.295819659955929,0.295977350983519,862.582746838469,-0.04834914965598,0.0533064731442741,-0.286257015089551,3.01660495561637e-05
388.15,876.7,0,0.295763511695938,0.296105865855924,875.777520636442,-0.105221782087166,0.115752669429324,-0.278758025762775,-0.000307306920283506
393.15,890.5,0,0.295707363435947,0.296302722119544,888.867339479645,-0.18334200116288,0.201333736393926,-0.271827206584874,-0.000536979705526981
323.15,544.2,0,0.224261254791106,0.224385809830477,543.929910742109,-0.0496305141291729,0.0555401509223138,-0.441263035787637,0.0333913484182921
328.15,554.5,0,0.22422041969293,0.224148743977607,554.659314994057,0.0287312883781194,-0.0319666315054615,-0.422080552605567,0.0259795414916471
333.15,564.7,0,0.224179584594755,0.223915664718302,565.300793435539,0.106391612456015,-0.117726989694306,-0.404362459830461,0.0200779071463637
338.15,575.1,0,0.22413874949658,0.223814827250299,575.85453732485,0.131201065006035,-0.144518628308907,-0.387989923191322,0.0153829346323062
343.15,585.5,0,0.224097914398405,0.223752950853096,586.321589172955,0.140322659770357,-0.153934295298938,-0.372855223781343,0.0116538437846298
348.15,595.8,0,0.224057079300229,0.223685735736627,596.703604674587,0.15166241600986,-0.165736144005056,-0.358860566452442,0.00869910072684666
353.15,606.3,0,0.224016244202054,0.223733395531929,607.002671080909,0.115894949844834,-0.126262571329651,-0.345917032419422,0.00636595545809498
358.15,616.5,0,0.223970304716607,0.223690886566518,617.20823236009,0.114879539349525,-0.124756784361571,-0.33394365665613,0.00453229567683329
363.15,626.8,0,0.223929469618432,0.223717243198012,627.348475945601,0.0875041393747808,-0.0947737788961592,-0.322866613539054,0.00310028261359971
368.15,636.8,0,0.223888634520257,0.223655721760659,637.413399755301,0.0963253384580855,-0.104030631164684,-0.312618496604458,0.00199136282824644
373.15,646.9,0,0.223842695034809,0.223659247294193,647.39203976345,0.0760611784587434,-0.0819538652301065,-0.303137680313861,0.00114234617346836
378.15,657.1,0,0.223801859936634,0.223723380003615,657.314260777216,0.0326070274259363,-0.0350667027708433,-0.294367753434457,0.0005023126826304
383.15,667.1,0,0.223755920451187,0.223736067188981,667.155144435113,0.00826629217705093,-0.00887273157549413,-0.286257015089551,3.01660495561637e-05
388.15,677.1,0,0.223715085353012,0.223769800777419,676.945455178967,-0.0228245194259047,0.024457637410046,-0.278758025762775,-0.000307306920283506
393.15,687.1,0,0.223669145867565,0.223822691733463,686.659181543299,-0.0641563755932317,0.0686486575083592,-0.271827206584874,-0.000536979705526981
323.15,422,0,0.169409509167224,0.169592880492228,421.579600138183,-0.0996208203358703,0.108241459351976,-0.441263035787637,0.0333913484182921
328.15,429.7,0,0.169378882843593,0.169492139148881,429.434500731191,-0.0617871232973594,0.0668656584494659,-0.422080552605567,0.0259795414916471
333.15,437.3,0,0.169348256519961,0.169376235586751,437.232980732788,-0.0153256956808602,0.0165216149042935,-0.404362459830461,0.0200779071463637
338.15,445,0,0.16931763019633,0.169327359725445,444.976203254934,-0.00534758316091663,0.00574631779539356,-0.387989923191322,0.0153829346323062
343.15,452.6,0,0.169287003872699,0.169260714510235,452.665613029188,0.0144969132099738,-0.015529462901756,-0.372855223781343,0.0116538437846298
348.15,460.1,0,0.169251273161795,0.169176683698639,460.289850295892,0.0412628332735436,-0.0440702523310655,-0.358860566452442,0.00869910072684666
353.15,467.9,0,0.169220646838164,0.169229745771999,467.876396684825,-0.00504452130256089,0.00537696433916623,-0.345917032419422,0.00636595545809498
358.15,475.5,0,0.169190020514532,0.169222443779564,475.41432353015,-0.0180181850368751,0.01916381647884,-0.33394365665613,0.00453229567683329
363.15,483,0,0.169159394190901,0.169194533006291,482.905464919284,-0.0195724804795884,0.0207726065454977,-0.322866613539054,0.00310028261359971
368.15,490.4,0,0.169123663479998,0.169146428530613,490.337674391636,-0.0127091371051171,0.0134605945416951,-0.312618496604458,0.00199136282824644
373.15,497.9,0,0.169093037156366,0.169150327521174,497.740463068824,-0.0320419624776358,0.0338809721386951,-0.303137680313861,0.00114234617346836
378.15,505.4,0,0.169062410832735,0.169167717369069,505.101857448856,-0.0589914030756505,0.0622885571164389,-0.294367753434457,0.0005023126826304
383.15,512.9,0,0.169026680121832,0.169197372681855,512.408876890889,-0.0957541643812022,0.100985572159359,-0.286257015089551,3.01660495561637e-05
388.15,520.5,0,0.1689960537982,0.169272391489729,519.692309958884,-0.15517580040659,0.163517245117924,-0.278758025762775,-0.000307306920283506
393.15,528.3,0,0.168965427474569,0.169423891552808,526.939287961043,-0.257564270103538,0.271336027193078,-0.271827206584874,-0.000536979705526981
323.15,325.1,0,0.128018032779354,0.128178548634859,324.716772877451,-0.117879767009997,0.125385347688753,-0.441263035787637,0.0333913484182921
328.15,330.8,0,0.127992510842995,0.1281180297883,330.494120059888,-0.0924667291752272,0.0980674138503274,-0.422080552605567,0.0259795414916471
333.15,336.5,0,0.127972093293907,0.128073141755555,336.248804569897,-0.0746494591686601,0.0789613259011914,-0.404362459830461,0.0200779071463637
338.15,342.3,0,0.127946571357548,0.128081983909193,341.9568165726,-0.100258085714151,0.105835232791743,-0.387989923191322,0.0153829346323062
343.15,347.9,0,0.12792615380846,0.128024908150774,347.644972608762,-0.0733047977113956,0.0771963663206788,-0.372855223781343,0.0116538437846298
348.15,353.5,0,0.1279006318721,0.127981092138903,353.288382223501,-0.0598635859968713,0.0629084200954053,-0.358860566452442,0.00869910072684666
353.15,359.3,0,0.127875109935741,0.128024060812558,358.901223705283,-0.110987001034459,0.11648152395918,-0.345917032419422,0.00636595545809498
358.15,364.9,0,0.127849587999381,0.128002034625841,364.484729070884,-0.113804036480113,0.119239043977891,-0.33394365665613,0.00453229567683329
363.15,370.6,0,0.127829170450294,0.128026162961107,370.054249573863,-0.147261313042882,0.154106069936712,-0.322866613539054,0.00310028261359971
368.15,376.2,0,0.127803648513934,0.128022750369454,375.582912087531,-0.164031874659415,0.171436307231557,-0.312618496604458,0.00199136282824644
373.15,381.8,0,0.127778126577575,0.12802767707243,381.085759172497,-0.187071982059375,0.195299854160899,-0.303137680313861,0.00114234617346836
378.15,387.5,0,0.127752604641215,0.128074581953176,386.563884770827,-0.241578123657497,0.252031896230448,-0.294367753434457,0.0005023126826304
383.15,393.1,0,0.127732187092128,0.128093452548134,392.033408891861,-0.27132818828258,0.282830400254667,-0.286257015089551,3.01660495561637e-05
388.15,398.7,0,0.127706665155768,0.128118598938468,397.46541764602,-0.309651957356434,0.322562477219148,-0.278758025762775,-0.000307306920283506
393.15,404.4,0,0.127681143219409,0.128182328905879,402.875707605848,-0.376926902609238,0.392529134556361,-0.271827206584874,-0.000536979705526981
323.15,249,0,0.096794495837117,0.0967779484006858,249.040703765894,0.016346893933331,-0.0170954311896494,-0.441263035787637,0.0333913484182921
328.15,253.3,0,0.0967740782880294,0.0967681551622937,253.314852119371,0.00586345020586434,-0.00612057054990087,-0.422080552605567,0.0259795414916471
333.15,257.6,0,0.0967587651262136,0.096766482359851,257.580284439846,-0.00765355596038071,0.00797574630817688,-0.404362459830461,0.0200779071463637
338.15,261.8,0,0.096738347577126,0.0967337360043823,261.811997843878,0.00458282806631892,-0.00476705759321802,-0.387989923191322,0.0153829346323062
343.15,266.1,0,0.0967230344153103,0.0967467669662822,266.037151247634,-0.0236184713889066,0.0245366071436536,-0.372855223781343,0.0116538437846298
348.15,270.4,0,0.0967026168662227,0.0967657931733543,270.229778113049,-0.0629518812687235,0.0653305041568335,-0.358860566452442,0.00869910072684666
353.15,274.6,0,0.0966821993171351,0.0967537347233493,274.403972702086,-0.0713864886794459,0.0739902554136209,-0.345917032419422,0.00636595545809498
358.15,278.9,0,0.0966668861553194,0.0967836403142223,278.574745045382,-0.11662063629174,0.1207798901429,-0.33394365665613,0.00453229567683329
363.15,283.2,0,0.0966464686062317,0.0968179089335231,282.714646024313,-0.17138205356172,0.177389127366745,-0.322866613539054,0.00310028261359971
368.15,287.5,0,0.096631155444416,0.0968560974301943,286.853074064797,-0.225017716592427,0.232784120963603,-0.312618496604458,0.00199136282824644
373.15,291.7,0,0.0966107378953284,0.0968635605025982,290.961591838302,-0.253139582344161,0.261692036286623,-0.303137680313861,0.00114234617346836
393.15,308.8,0,0.0965341720862499,0.0970283419735404,307.269671016577,-0.495572857326038,0.511911871838516,-0.271827206584874,-0.000536979705526981
378.15,295.9,0,0.0965903203462408,0.0968751982279248,295.055314656235,-0.285463110430863,0.29493419284962,-0.294367753434457,0.0005023126826304
383.15,300.2,0,0.0965750071844251,0.0969238578184949,299.150235210574,-0.349688470828259,0.361222477989208,-0.286257015089551,3.01660495561637e-05
388.15,304.5,0,0.0965545896353375,0.0969749969405212,303.216452815852,-0.421526168849882,0.435408929571901,-0.278758025762775,-0.000307306920283506
353.15,1092.1,0,0.438221856067509,0.43766703390189,1093.24146449562,0.104520144273863,-0.126607597940871,-0.345917032419422,0.00636595545809498
353.15,861.7,0,0.331484013824723,0.331180692027016,862.388335167149,0.0798810684865871,-0.091504200823217,-0.345917032419422,0.00636595545809498
353.15,672.3,0,0.250747920345016,0.250588617197451,672.687194312867,0.0575924903863021,-0.0635311939360987,-0.345917032419422,0.00636595545809498
353.15,520,0,0.189668822249412,0.189472939365119,520.500119222702,0.0961767735965133,-0.103276269641786,-0.345917032419422,0.00636595545809498
353.15,400.2,0,0.14347411743868,0.143390813881856,400.42042267388,0.0550781294052037,-0.0580617314890556,-0.345917032419422,0.00636595545809498
353.15,306.7,0,0.108529482175224,0.108519183823026,306.727974816504,0.00912123133489629,-0.00948899044901367,-0.345917032419422,0.00636595545809498
353.15,234.2,0,0.0820938604940332,0.0820896473193967,234.211669854886,0.00498285861924183,-0.00513214339186922,-0.345917032419422,0.00636595545809498
353.15,178.4,0,0.062099975549985,0.0620902300339484,178.427387897463,0.0153519604613074,-0.0156932687174525,-0.345917032419422,0.00636595545809498
353.15,1750.7,0,0.83256639914573,0.832060351318324,1751.34993157107,0.0371240972791953,-0.0607816779449067,-0.345917032419422,0.00636595545809498
353.15,1452.6,0,0.629779301607525,0.630732545167733,1451.00025427071,-0.110129817519348,0.151361525819429,-0.345917032419422,0.00636595545809498
353.15,1170.8,0,0.476382255312263,0.476640909425284,1170.2876100797,-0.0437640861207514,0.0542954969746035,-0.345917032419422,0.00636595545809498
353.15,927.5,0,0.36034932384734,0.360551025371637,927.053976778288,-0.0480887570578773,0.0559738872668482,-0.345917032419422,0.00636595545809498
353.15,725.7,0,0.272579384706949,0.272759989064071,725.268987226438,-0.0593926930635057,0.0662575261571052,-0.345917032419422,0.00636595545809498
353.15,562.4,0,0.206186619461293,0.206188516908587,562.395218872724,-0.000850129316567178,0.000920257240123428,-0.345917032419422,0.00636595545809498
353.15,432.9,0,0.155964553093029,0.155807311613069,433.312118724412,0.0951995205387279,-0.100818728897795,-0.345917032419422,0.00636595545809498
353.15,331.8,0,0.117977703015519,0.1177911424241,332.303254858873,0.151674158792257,-0.158132076359178,-0.345917032419422,0.00636595545809498
353.15,254,0,0.0892400026746989,0.0892567906110678,253.953742868693,-0.0182114690183647,0.0188121199750357,-0.345917032419422,0.00636595545809498
323.15,903.4,0,0.41005074271387,0.407121980676882,908.563124044763,0.571521368691977,-0.714243807389277,-0.441263035787637,0.0333913484182921
323.15,722.5,0,0.310173196964523,0.310432185099854,721.987997637911,-0.0708653788359096,0.0834979095115568,-0.441263035787637,0.0333913484182921
323.15,566.5,0,0.234623160953071,0.234725834678408,566.279747625786,-0.038879501185202,0.0437611209906735,-0.441263035787637,0.0333913484182921
323.15,439.9,0,0.177479545444105,0.177431807999744,440.008578647564,0.0246825750314952,-0.0268974344292612,-0.441263035787637,0.0333913484182921
323.15,339.3,0,0.134250489638349,0.134143872717516,339.553048984936,0.0745797185193759,-0.0794164111581943,-0.441263035787637,0.0333913484182921
323.15,260.4,0,0.101551784774532,0.101422557202222,260.71646891541,0.121531841555184,-0.127252881470084,-0.441263035787637,0.0333913484182921
323.15,199.3,0,0.0768159240548844,0.0767625386541728,199.433800103142,0.0671350241554841,-0.0694978305194587,-0.441263035787637,0.0333913484182921
323.15,888.8,0,0.401317136091642,0.398896215646764,893.112056997276,0.485154927686298,-0.603243726010458,-0.441263035787637,0.0333913484182921
323.15,709.2,0,0.303568119834679,0.303728690347871,708.880205755229,-0.0450922510957181,0.0528943926257857,-0.441263035787637,0.0333913484182921
323.15,555.7,0,0.229625965813877,0.229704193265266,555.53130876162,-0.0303565302105259,0.0340673369024789,-0.441263035787637,0.0333913484182921
323.15,431.3,0,0.173697194475624,0.173657968127782,431.389557592242,0.0207645704248386,-0.0225831787094979,-0.441263035787637,0.0333913484182921
323.15,332.5,0,0.131392032766083,0.131282946940038,332.759626182147,0.078083062299876,-0.083023166434048,-0.441263035787637,0.0333913484182921
323.15,255.1,0,0.0993875245712442,0.0992606872779062,255.411251015555,0.122011374188532,-0.127618927913981,-0.441263035787637,0.0333913484182921
323.15,195.1,0,0.0751774157406032,0.0750881099100449,195.324172384095,0.11490127324181,-0.118793429753469,-0.441263035787637,0.0333913484182921
400.028,3726,1,1.5488647713684,1.53536203605524,3748.71723951448,0.609695102374538,-0.871782712265729,-0.20740177631807,0.0203960536121922
400.026,2953.7,1,1.1230896366666,1.1193184660329,2961.3741410685,0.259814506161745,-0.335785364817103,-0.207404062544186,0.020396089133565
400.035,2285.2,1,0.814277358144,0.813258485270474,2287.58227107022,0.104247815080687,-0.125126022888412,-0.207393774784429,0.0203959292875405
400.034,1736.5,1,0.5903650993392,0.590125152636813,1737.11969529451,0.0356864551979391,-0.0406437817302363,-0.207394917836115,0.0203959470481904
400.042,1302.4,1,0.427984469577,0.427951170330777,1302.49233782997,0.00708982109684774,-0.00778048003831551,-0.207385773651732,0.0203958049631285
400.035,967.62,1,0.3102741766152,0.310278716967549,967.606753137129,-0.00136901499259725,0.00146333555649624,-0.207393774784429,0.0203959292875405
400.026,714,1,0.2249234969472,0.224935504376542,713.963666115863,-0.0050887792908935,0.0053384504087504,-0.207404062544186,0.020396089133565
400.034,524.3,1,0.1630511242596,0.163060731698687,524.270154488836,-0.00569244920156113,0.00589228631869918,-0.207394917836115,0.0203959470481904
400.029,383.61,1,0.1181939288688,0.118200697682829,383.58857145234,-0.00558602425906707,0.00572687116288502,-0.207400633217287,0.0203960358515131
400.03,279.93,1,0.0856694391804,0.0856733945639253,279.917305953354,-0.00453472176844285,0.0046170297870089,-0.207399490124687,0.0203960180908388
400.037,203.92,1,0.062103199059,0.0621046582721959,203.915270435807,-0.00231932335874633,0.00234965866176269,-0.207391488705604,0.0203958937662554
400.044,148.33,1,0.045011079477,0.0450137748890341,148.321200987747,-0.00593205167740345,0.00598833012987956,-0.207383487687457,0.0203957694419122
400.035,107.78,1,0.0326234151378,0.0326248321818178,107.77535031125,-0.00431405525164232,0.00434364094570801,-0.207393774784429,0.0203959292875405
390.027,3549.2,1,1.5498760090266,1.53857307744101,3566.42752056794,0.485391653554111,-0.729279730750366,-0.219257977856721,0.0205727777951365
390.022,2835.1,1,1.1238040979766,1.12071163693743,2840.97243621629,0.207133300987227,-0.27517794647092,-0.219264125107823,0.0205728650462466
390.027,2204.5,1,0.8147939690394,0.813983507510253,2206.29719016885,0.0815237091791259,-0.0994682778645029,-0.219257977856721,0.0205727777951365
390.025,1680.8,1,0.5907278256642,0.590541558769521,1681.26058840912,0.027402927720307,-0.0315317624440379,-0.219260436729859,0.0205728126958013
390.033,1263.5,1,0.4282482709368,0.42820860681628,1263.60592887044,0.0083837649731295,-0.00926194528074948,-0.219250601455727,0.0205726730913762
390.029,940.27,1,0.3104610356898,0.31046979766739,940.245285457991,-0.00262845161587734,0.0028222471042528,-0.219255519019987,0.0205727428941773
390.034,694.61,1,0.225055397385,0.225065604764303,694.580061767966,-0.00431007789036768,0.00453549633619052,-0.219249372087413,0.0205726556404921
390.029,510.46,1,0.163150049709,0.163157911839212,510.436286438265,-0.00464552790327637,0.004818956675551,-0.219255519019987,0.0205727428941773
390.034,373.69,1,0.1182598788456,0.118265896892547,373.67147929631,-0.00495616786381365,0.00508883232877522,-0.219249372087413,0.0205726556404921
390.036,272.82,1,0.0857243978172,0.0857262902735749,272.814090833623,-0.00216595791271826,0.00220760532953851,-0.219246913378085,0.0205726207385034
390.033,198.78,1,0.0621361740474,0.0621388105311451,198.771681095115,-0.00418498082558664,0.00424307383831408,-0.219250601455727,0.0205726730913762
390.038,144.64,1,0.0450440544654,0.0450445842665951,144.63831561075,-0.00116453902760859,0.00117618451855386,-0.219244454705157,0.0205725858362208
390.028,105.11,1,0.032645398302,0.0326458156352948,105.108665936125,-0.00126920737801825,0.00127838322243594,-0.219256748433804,0.0205727603446937
380.026,3369.3,1,1.5506014621608,1.54198095226787,3381.0457179188,0.348610035283293,-0.555946199155159,-0.232025604694747,0.02074172038653
380.02,2714.6,1,1.1243097170478,1.12191959428354,2718.80860984585,0.155036095404374,-0.212585796246305,-0.232033558496351,0.0207418170998349
380.017,2122.6,1,0.8151566958486,0.814529130444615,2123.91497114602,0.0619509632536674,-0.0769870881489883,-0.232037535534288,0.0207418654537429
380.025,1624.5,1,0.5909806351998,0.590860000124613,1624.78492681354,0.0175393544807692,-0.0204126951039412,-0.232026930302954,0.0207417365059223
380.026,1224.3,1,0.4284351300114,0.428433267808798,1224.30478135934,0.000390538213197646,-0.000434652172991604,-0.232025604694747,0.02074172038653
380.02,912.63,1,0.3105929361276,0.310603869503903,912.600226448587,-0.00326239017048081,0.0035201625765168,-0.232033558496351,0.0207418170998349
380.021,675.02,1,0.2251543228344,0.225164889203627,674.989997141561,-0.00444473622100789,0.00469294530702792,-0.232032232837356,0.0207418009814589
380.026,496.49,1,0.16321600017,0.163224042856148,496.466470288815,-0.00473921150182356,0.00492763340576471,-0.232025604694747,0.02074172038653
380.033,363.67,1,0.1183038456582,0.118307805603882,363.65816358285,-0.00325471365532886,0.00334726708129929,-0.232016325721709,0.0207416075450954
380.032,265.63,1,0.0857573728056,0.0857604690708461,265.620601467124,-0.00353820459896048,0.00361049452051416,-0.232017651258815,0.0207416236659097
380.025,193.62,1,0.0621691490358,0.062170190715725,193.616802789748,-0.00165128098942633,0.00167555763776913,-0.232026930302954,0.0207417365059223
380.039,140.89,1,0.0450550462896,0.0450574375762926,140.882601038498,-0.00525158740988871,0.00530747805084473,-0.232008372712363,0.0207415108159449
380.039,102.41,1,0.0326563901262,0.0326570277168384,102.408015738405,-0.00193756624813407,0.00195242228531709,-0.232008372712363,0.0207415108159449
370.02,3185.9,1,1.551315923955,1.54575538597072,3192.55398429444,0.208857286620388,-0.358440076480628,-0.245817732890754,0.020889730768147
370.017,2592.5,1,1.1247933524706,1.12321820323608,2595.05168026066,0.0984254681063324,-0.140038988589458,-0.245822032563012,0.0208897701070212
370.016,2039.9,1,0.8154974390094,0.815063370231301,2040.75575505566,0.0419508336516376,-0.0532274851317716,-0.24582346580986,0.0208897832191499
370.018,1567.6,1,0.5912224529112,0.591125880969679,1567.81725734882,0.0138592337856147,-0.0163342817996554,-0.245820599327546,0.0208897569944778
370.02,1184.7,1,0.428610997746,0.428590846084264,1184.74964657895,0.0041906456446148,-0.00470162031353679,-0.245817732890754,0.020889730768147
370.016,884.84,1,0.3107138452254,0.310723532447877,884.81457004373,-0.00287396097257179,0.00311773119409416,-0.24582346580986,0.0208897832191499
370.016,655.34,1,0.2252422569438,0.225251377723107,655.314958446322,-0.00382115446605607,0.00404931979932438,-0.24582346580986,0.0208897832191499
370.02,482.47,1,0.1632819501468,0.163287877423214,482.453198162442,-0.00348246265215744,0.00363008673543029,-0.245817732890754,0.020889730768147
370.028,353.66,1,0.118358804295,0.11836203572517,353.650628062222,-0.00264998523382005,0.00273019839068855,-0.245806267598798,0.0208896258462404
370.027,258.42,1,0.0857903482782,0.0857926639112227,258.413173019287,-0.0026418159250328,0.00269917661970953,-0.245807700720463,0.0208896389629295
370.023,188.43,1,0.0621911326842,0.0621935799187933,188.422699412057,-0.00387442973143883,0.00393502174293177,-0.24581343332092,0.020889691425541
370.023,137.15,1,0.045077029938,0.0450771685660017,137.149582905508,-0.000304115560842162,0.000307535793523875,-0.24581343332092,0.020889691425541
370.021,99.731,1,0.0326783732904,0.0326787838588594,99.7297570935547,-0.00124625888171903,0.00125639197437256,-0.245816299689429,0.0208897176543596
360.011,2998.4,1,1.5520633607376,1.54998237229438,3000.53433657578,0.0711825165347815,-0.134078833110965,-0.26075559460921,0.0209951676952348
360.011,2468.4,1,1.1252989715418,1.12454117125237,2469.51837939017,0.045307867046451,-0.0673421293887703,-0.26075559460921,0.0209951676952348
360.011,1956.3,1,0.8158491739944,0.815648264679501,1956.67074367924,0.0189512691936732,-0.0246257912986039,-0.26075559460921,0.0209951676952348
360.013,1510.3,1,0.5914752624468,0.591425225732816,1510.40687742273,0.00707656907413834,-0.00845964610203291,-0.260752486534147,0.0209951529233942
360.015,1145,1,0.4287868649964,0.42881061938196,1144.94397251291,-0.00489323031355501,0.00553990513677166,-0.260749378510294,0.0209951381485241
360.014,856.95,1,0.3108457456632,0.310855313523973,856.925828935494,-0.00282059215899458,0.00307800923973293,-0.26075093251582,0.0209951455363378
360.009,635.61,1,0.2253411823932,0.225348758995433,635.589913966734,-0.00316011914007626,0.00336228032180221,-0.260758702735484,0.0209951824640456
360.011,468.41,1,0.1633479006078,0.16335406249855,468.393096017624,-0.0036088004902038,0.00377224973663584,-0.26075559460921,0.0209951676952348
360.006,343.58,1,0.1184027711076,0.118406633549432,343.569142516921,-0.00316010334680445,0.00326212114428244,-0.260763365020917,0.0209952046115801
360.012,251.22,1,0.0858343150908,0.0858357945320754,251.215767788321,-0.00168466351373668,0.00172360118894932,-0.260754040565277,0.0209951603096932
360.015,183.22,1,0.0622131158484,0.062214055373105,183.217278269633,-0.0014854985084747,0.00151017143601922,-0.260749378510294,0.0209951381485241
360.008,133.41,1,0.0450990131022,0.0450987082491462,133.410891156439,0.000667983238565213,-0.000675963913214859,-0.260760256817825,0.0209951898473147
360.015,97.019,1,0.0326893651146,0.0326898697572126,97.0175150984624,-0.00153052653353052,0.00154375164770089,-0.260749378510294,0.0209951381485241
350.01,2805.1,1,1.5527118720708,1.553528392724,2804.40659504243,-0.0247194380795454,0.0525867463167141,-0.27696451411991,0.0210229912602109
350.01,2341.8,1,1.125738640152,1.12567534143544,2341.88406477955,0.00358975059984346,-0.00562286078713584,-0.27696451411991,0.0210229912602109
350.009,1871.4,1,0.8161679335068,0.8161091898837,1871.50084783086,0.00538889766260027,-0.00719749216904794,-0.276966204303569,0.0210229885172506
350.012,1452.4,1,0.591695096994,0.591691359162891,1452.40755263481,0.000520010659085305,-0.000631715748206041,-0.276961133795982,0.0210229967421945
350.014,1104.8,1,0.4289407490826,0.428932420466811,1104.81876010632,0.0016980545183493,-0.00194167045384106,-0.276957753529908,0.0210230022189293
350.013,828.85,1,0.3109556629368,0.310962945518235,828.83232784331,-0.0021321296603416,0.00234199993872851,-0.276959443655714,0.021022999481218
350.009,615.75,1,0.2254181241942,0.22542294855253,615.737668642259,-0.0020026565556572,0.00214018209350509,-0.276966204303569,0.0210229885172506
350.01,454.28,1,0.1634028592446,0.163407104290033,454.268743774986,-0.00247781654798032,0.00259790156213793,-0.27696451411991,0.0210229912602109
350.008,333.49,1,0.1184467384044,0.118448089182022,333.486323530683,-0.00110242265634492,0.00114040930166551,-0.276967894501692,0.0210229857729779
350.009,243.95,1,0.085856298255,0.0858566195543903,243.94910901541,-0.00036523246137222,0.000374229260806681,-0.276966204303569,0.0210229885172506
350.013,178.01,1,0.0622350994968,0.0622364070868441,178.006324971332,-0.00206450686378649,0.00210104917433434,-0.276959443655714,0.021022999481218
350.011,129.64,1,0.0451100049264,0.045109467710281,129.641524505566,0.00117595307474199,-0.00119090237279011,-0.276962823950714,0.0210229940018589
350.014,94.304,1,0.0327003569388,0.0327005542705788,94.3034360967842,-0.000597963199688471,0.000603454510074465,-0.276957753529908,0.0210230022189293
340.008,2212.4,1,1.1263431846726,1.12670369017789,2211.97621207551,-0.0191551222424717,0.0320067196389368,-0.294624351119639,0.0209166777235884
340.012,1785.4,1,0.8165746271286,0.81664447277773,1785.28929362546,-0.00620064828835633,0.00855349245617506,-0.294616973901875,0.0209167577605719
340.009,1393.9,1,0.5919918733422,0.591980450473431,1393.92173794627,0.00155950543557731,-0.00192956513136749,-0.294622506790575,0.0209166977361555
340.015,1064.5,1,0.4291605831456,0.429150176985042,1064.52231943604,0.00209670606284357,-0.00242477081223968,-0.294611441160911,0.0209168177650632
340.015,800.68,1,0.311109547023,0.311109249767818,800.68069140419,8.63521244842009e-05,-9.55467889337008e-05,-0.294611441160911,0.0209168177650632
340.008,595.87,1,0.2255280414678,0.22552629065844,595.874307526024,0.000722896944698807,-0.000776315596221958,-0.294624351119639,0.0209166777235884
340.012,440.15,1,0.1634798010456,0.163477543550844,440.155777877581,0.00131270648202039,-0.00138090133543024,-0.294616973901875,0.0209167577605719
340.01,323.4,1,0.118501696557,0.118500067194432,323.404288603863,0.0013260989063133,-0.00137496982313546,-0.294620662477926,0.0209167177465084
340.007,236.73,1,0.0859002655518,0.0859010901061712,236.727785930754,-0.000935271932416896,0.000959897348281175,-0.294626195465119,0.0209166577088069
340.016,172.82,1,0.0622680744852,0.0622685761544093,172.818633456066,-0.00079073251610012,0.000805660386119782,-0.294609596946751,0.020916837762133
340.009,125.9,1,0.0451319885748,0.0451335357411426,125.89574196462,-0.00338207734735301,0.003428092560202,-0.294622506790575,0.0209166977361555
340.013,91.586,1,0.032711348763,0.0327113560435869,91.5859798130821,-2.20414887888545e-05,2.22570672219078e-05,-0.294615129638472,0.0209167777642827
330.011,1697.6,1,0.8169153702894,0.817012143062675,1697.45972231282,-0.00826329448490455,0.0118461197811396,-0.313919292521537,0.0205843661432084
330.014,1334.7,1,0.5922336910536,0.592268591504318,1334.63777083858,-0.00466240813846232,0.00589302014479951,-0.313913233653475,0.0205845128729518
330.014,1023.7,1,0.429325459056,0.429315512104455,1023.72024722559,0.00197784757145122,-0.00231687903330105,-0.313913233653475,0.0205845128729518
330.01,772.21,1,0.3112304556366,0.311219760873324,772.233786231791,0.00308028020763847,-0.00343628429759193,-0.31392131218167,0.0205843172259159
330.009,575.84,1,0.225615975093,0.225609709179289,575.8548112895,0.00257211890453999,-0.00277724735950421,-0.313923331860526,0.020584268304934
330.008,425.94,1,0.1635457515066,0.163542467611418,425.948100093989,0.00190169835858567,-0.00200793670981151,-0.313925351558106,0.0205842193802627
330.006,313.28,1,0.1185566551938,0.118555440249575,313.28308832081,0.000985802097213349,-0.00102477943816574,-0.313929391009436,0.0205841215198507
330.008,229.46,1,0.0859332405402,0.0859330988118648,229.460368073013,0.000160408355875016,-0.000164928419186871,-0.313925351558106,0.0205842193802627
330.01,167.58,1,0.0622900581336,0.0622880766830805,167.585225456325,0.00311818613478119,-0.00318100605272224,-0.31392131218167,0.0205843172259159
330.01,122.14,1,0.045153971739,0.0451524463034503,122.144067414207,0.00333012461722897,-0.00337829761359654,-0.31392131218167,0.0205843172259159
330.011,88.865,1,0.0327223405872,0.0327224625701828,88.8646721519108,-0.000368928249864301,0.000372781960608899,-0.313919292521537,0.0205843661432084
320.009,1274.6,1,0.5925964178628,0.592588076649152,1274.61384381261,0.00108612997134968,-0.0014075707170684,-0.335100146447808,0.0198749996398373
320.008,982.61,1,0.4295892604158,0.429569610129537,982.647805685802,0.00384747619113241,-0.00457420333187776,-0.335102366707743,0.0198749026648551
320.008,743.66,1,0.3114173151954,0.311394059957135,743.70931880235,0.00663190199149399,-0.00746754824796736,-0.335102366707743,0.0198749026648551
320,555.79,1,0.225758867355,0.225745256073249,555.820844810237,0.0055497238591504,-0.0060291238658287,-0.33512012956017,0.0198741266444633
320.007,411.74,1,0.163644676956,0.16363671810132,411.758887235712,0.00458717533193327,-0.00486349744355772,-0.335104586989147,0.0198748056837476
320.009,303.15,1,0.1186226056548,0.118618740835604,303.1594741862,0.00312524697337351,-0.00325807983628922,-0.335100146447808,0.0198749996398373
320.007,222.22,1,0.085988199177,0.0859853921522708,222.227041441867,0.0031686805268861,-0.00326443018471415,-0.335104586989147,0.0198748056837476
320.007,162.37,1,0.062323033122,0.0623228505733696,162.370465526013,0.000286706911896215,-0.000292907166552393,-0.335104586989147,0.0198748056837476
320.01,118.38,1,0.0451759553874,0.0451742040787648,118.384519180859,0.00381752057711682,-0.00387663884502767,-0.335097926209344,0.0198750966086946
320.012,86.168,1,0.0327443237514,0.0327439459439306,86.1689832399557,0.00114107320084169,-0.0011538105726906,-0.335093485796823,0.0198752905280357
400.029,1659.3,1,0.5606489830944,0.56044019179509,1659.84632388721,0.0329249615627385,-0.0372410020540856,-0.207400633217287,0.0203960358515131
400.037,922.79,1,0.2949537204783,0.294961919315495,922.765921239178,-0.00260934349329688,0.00277970292479918,-0.207391488705604,0.0203958937662554
400.036,680.65,1,0.2139209442849,0.213933740855938,680.611095367275,-0.00571580588034267,0.00598191592734957,-0.207392631740925,0.0203959115268955
400.034,499.69,1,0.1551427923048,0.155151849300718,499.66177026026,-0.00564945060743887,0.00583784511266404,-0.207394917836115,0.0203959470481904
400.032,365.6,1,0.1125117419316,0.112517605191053,365.581393677375,-0.00508925673545,0.00521124226877154,-0.207397203964035,0.0203959825695049
400.029,266.83,1,0.0815912812029,0.0815952167955289,266.817347905866,-0.00474163105136336,0.00482354556875924,-0.207400633217287,0.0203960358515131
400.018,194.4,1,0.0591700062645,0.0591721742245436,194.392965001526,-0.00361882637533046,0.00366395101239586,-0.207413207775987,0.0203962312192491
400.033,141.45,1,0.0429057987909,0.0429083544853031,141.441649999743,-0.00590314616936724,0.00595652446771904,-0.207396060895984,0.0203959648088452
400.028,102.82,1,0.0311141357778,0.0311142482765854,102.819630636829,-0.00035923280585016,0.000361568086491843,-0.20740177631807,0.0203960536121922
400.029,74.689,1,0.0225609013395,0.0225614323532923,74.6872503208887,-0.00234261954416528,0.00235369050318404,-0.207400633217287,0.0203960358515131
400.034,54.227,1,0.0163587930042,0.0163591737353158,54.2257422440386,-0.00231942752015544,0.00232737901683474,-0.207394917836115,0.0203959470481904
400.035,39.363,1,0.0118637282076,0.0118639124928467,39.3623900688581,-0.00154950370126904,0.00155335020747964,-0.207393774784429,0.0203959292875405
390.029,1606.2,1,0.560743568625,0.560581113365382,1606.6075178392,0.0253715501928436,-0.0289713995322756,-0.219255519019987,0.0205727428941773
390.032,1205.8,1,0.4067222903271,0.406713389884488,1205.82401010719,0.0019912180453337,-0.0021883341100141,-0.219251830833141,0.0205726905421868
390.029,896.52,1,0.2950032653367,0.295014240084858,896.48882332246,-0.00347752169944463,0.00372021243416697,-0.219255519019987,0.0205727428941773
390.03,661.97,1,0.213956976783,0.213967597016571,661.938694010969,-0.00472921567917975,0.00496372389003988,-0.219254289615271,0.0205727254435873
390.025,486.34,1,0.1551698168271,0.155177131579895,486.317858395215,-0.00455270074119661,0.00471403069496933,-0.219260436729859,0.0205728126958013
390.033,356.02,1,0.1125252542919,0.11253192676842,355.999412688805,-0.00578262771615985,0.00592975911197095,-0.219250601455727,0.0205726730913762
390.037,259.94,1,0.081600289377,0.0816049225404191,259.925506454864,-0.00557572714332569,0.00567787621149292,-0.219245684037071,0.0205726032873988
390.028,189.44,1,0.0591790142403,0.0591814413275686,189.432331876189,-0.00404778495082608,0.00410126342880827,-0.219256748433804,0.0205727603446937
390.029,137.87,1,0.042914806965,0.0429171956603045,137.862398698686,-0.00551338312470115,0.00556613316820275,-0.219255519019987,0.0205727428941773
390.027,100.23,1,0.031118639964,0.0311198069492576,100.226267069017,-0.00372436494407481,0.00375011651859993,-0.219257977856721,0.0205727777951365
390.033,72.817,1,0.0225654053274,0.022565760367615,72.8158600000333,-0.00156556843417134,0.00157338283897857,-0.219250601455727,0.0205726730913762
390.029,52.875,1,0.0163632969921,0.016363686162157,52.8737470119904,-0.00236971727592732,0.00237831078405015,-0.219255519019987,0.0205727428941773
390.03,38.373,1,0.0118637282076,0.0118638795002536,38.3725119264221,-0.00127191926063652,0.00127525387414718,-0.219254289615271,0.0205727254435873
380.019,1553.2,1,0.561045341565,0.560921836206669,1553.49628189292,0.0190755789928842,-0.0220134362023199,-0.232034884165505,0.0207418332180075
380.024,1168.8,1,0.4069339819227,0.406937578883599,1168.79066389525,-0.000798776929561912,0.000883917553878276,-0.232028255921317,0.0207417526251113
380.021,870.42,1,0.2951518997136,0.295161533751785,870.393564271566,-0.00303712327777641,0.00326409492692313,-0.232032232837356,0.0207418009814589
380.021,643.44,1,0.2140605704877,0.214072935388159,643.404700998117,-0.00548598189155231,0.00577635593073073,-0.232032232837356,0.0207418009814589
380.026,473.11,1,0.1552418820216,0.1552477703802,473.092707080931,-0.00365515822308435,0.0037930219110557,-0.232025604694747,0.02074172038653
380.021,346.54,1,0.1125838071261,0.112588500241465,346.525934470573,-0.00405884729813113,0.00416855272959501,-0.232032232837356,0.0207418009814589
380.023,253.11,1,0.0816408260613,0.0816419220116636,253.106666924131,-0.00131684874912448,0.00134240479476237,-0.232029581549839,0.0207417687440971
380.022,184.52,1,0.0592060387626,0.0592078785599976,184.514345326707,-0.00306453137492344,0.0031074488954383,-0.232030907188518,0.0207417848628796
380.025,134.31,1,0.0429328233132,0.0429335218105129,134.307836690257,-0.00161068404641587,0.00162695406214043,-0.232026930302954,0.0207417365059223
380.026,97.661,1,0.031132152126,0.0311326934385096,97.6593142280185,-0.0017261465492435,0.00173875711329188,-0.232025604694747,0.02074172038653
380.029,70.957,1,0.0225744135015,0.0225747900913833,70.9558225113468,-0.00165943973561187,0.0016682155808878,-0.232021627931074,0.0207416720271341
380.025,51.536,1,0.0163723051662,0.0163726199078649,51.5350130562995,-0.00191505685450792,0.00192240287324896,-0.232026930302954,0.0207417365059223
380.025,37.397,1,0.0118682321955,0.0118683408079982,37.3966587063451,-0.000912623084353531,0.000915153128105859,-0.232026930302954,0.0207417365059223
370.021,1499.8,1,0.5612975696466,0.561237830037728,1499.93670315502,0.00911475896901973,-0.0106431262315621,-0.245816299689429,0.0208897176543596
370.009,1131.5,1,0.4071276569718,0.407139937837246,1131.46938940463,-0.00270531112437552,0.00301646553260234,-0.24583349885647,0.0208898749924363
370.02,844.17,1,0.2952780137544,0.295289982128833,844.138323494175,-0.00375238468845386,0.00405325621123191,-0.245817732890754,0.020889730768147
370.011,624.82,1,0.2141596600062,0.214170534704396,624.789971416474,-0.00480595747988076,0.00507784621779245,-0.245830632214817,0.0208898487735716
370.011,459.83,1,0.1553139472161,0.155321549000265,459.808364230645,-0.00470516698675903,0.00489446331186498,-0.245830632214817,0.0208898487735716
370.004,337.01,1,0.1126333519845,0.112637426958452,336.998148198652,-0.00351675064484742,0.00361791057453286,-0.24584066565979,0.0208899405323365
370.013,246.27,1,0.0816768587577,0.0816790690852366,246.263470293365,-0.00265144217139324,0.00270618577911432,-0.24582776561869,0.0208898225530473
370.015,179.58,1,0.0592285590987,0.0592304980993747,179.574207153643,-0.00322577478400167,0.00327375965947429,-0.245824899068089,0.0208897963308638
370.013,130.75,1,0.0429508394631,0.0429523499677398,130.745450623651,-0.00347944653857672,0.00351682215909768,-0.24582776561869,0.0208898225530473
370.011,95.087,1,0.031145664288,0.0311461792599463,95.0854398942779,-0.00164071400097404,0.00165343060754067,-0.245830632214817,0.0208898487735716
370.022,69.094,1,0.0225834216756,0.022583688995677,69.0931866916238,-0.00117710420039826,0.00118370050755724,-0.245814866499485,0.0208897045401576
370.016,50.181,1,0.0163768091541,0.0163771149114321,50.1800669074923,-0.00185945379265818,0.00186701407590977,-0.24582346580986,0.0208897832191499
370.018,36.434,1,0.0118772403696,0.0118774079703072,36.4334873865113,-0.0014069646174547,0.0014111081528388,-0.245820599327546,0.0208897569944778
360.023,1446,1,0.5615903344125,0.56157659476897,1446.02990052075,0.00206780918076948,-0.0024465598298039,-0.260736946926955,0.0209950790187559
360.014,1094,1,0.4073258362071,0.407326422147944,1093.9986003396,-0.000127939707828999,0.0001438506452287,-0.26075093251582,0.0209951455363378
360.016,817.83,1,0.2954266481313,0.295435944559284,817.806307090792,-0.00289704574403251,0.00314678044213513,-0.260747824517571,0.0209951307599531
360.01,606.15,1,0.2142632537109,0.214269690940991,606.132829036617,-0.0028327911214709,0.00300435561352442,-0.260757148665945,0.0209951750800189
360.01,446.51,1,0.1553860122123,0.155388838228152,446.502213606751,-0.00174383401251078,0.00181870672381298,-0.260757148665945,0.0209951750800189
360.006,327.49,1,0.1126874008308,0.112691583618733,327.478205734624,-0.0036014123716962,0.00371185057278649,-0.260763365020917,0.0209952046115801
360.01,239.43,1,0.0817173952437,0.0817194142422364,239.424211609671,-0.00241757103482825,0.00247070838506567,-0.260757148665945,0.0209951750800189
360.016,174.66,1,0.0592600876089,0.0592613360472342,174.656377689811,-0.00207392086854552,0.00210671024044943,-0.260747824517571,0.0209951307599531
360.016,127.2,1,0.0429733599975,0.0429745494014133,127.196519110978,-0.00273654797300279,0.00276777034270925,-0.260747824517571,0.0209951307599531
360.016,92.515,1,0.0311591766483,0.031159716079539,92.5134114504518,-0.00171707241873016,0.0017312114664484,-0.260747824517571,0.0209951307599531
360.022,67.244,1,0.0225969338376,0.0225972358980503,67.2431064478652,-0.00132882061562294,0.00133673202062999,-0.260738500830068,0.0209950864126267
360.019,48.84,1,0.0163858173282,0.0163861297895451,48.8390726727502,-0.0018987044426073,0.00190690118649171,-0.260743162616213,0.0209951085896969
360.016,35.456,1,0.0118817443575,0.0118818299849628,35.4557452757529,-0.000718423530914144,0.000720664072592156,-0.260747824517571,0.0209951307599531
350.018,1391.5,1,0.5618380583079,0.561843599640485,1391.48857120718,-0.000821328984792003,0.000986286440206958,-0.276950993171313,0.0210230131566544
350.012,1056.2,1,0.4074969909201,0.407508204727399,1056.17439072051,-0.00242466194731356,0.00275187487239705,-0.276961133795982,0.0210229967421945
350.013,791.28,1,0.2955482579859,0.295553928349261,791.266108992326,-0.00175551102948978,0.00191859136637448,-0.276959443655714,0.021022999481218
350.011,587.35,1,0.2143443270795,0.214347328211456,587.342277969575,-0.00131472383166264,0.00140014526945494,-0.276962823950714,0.0210229940018589
350.007,433.13,1,0.1554490692327,0.155450894208766,433.125138363694,-0.00112244275527398,0.00117400256901045,-0.276969584714279,0.0210229830273927
350.011,317.9,1,0.1127279375151,0.112728500076026,317.898463788822,-0.000483237237515961,0.000499043039725941,-0.276962823950714,0.0210229940018589
350.015,232.55,1,0.0817489237539,0.0817489479615166,232.54993271217,-2.89347797545361e-05,2.96121532447683e-05,-0.276956063418565,0.0210230049553285
350.012,169.7,1,0.059282607945,0.0592823207653063,169.70080847459,0.000476414018824551,-0.000484424865384029,-0.276961133795982,0.0210229967421945
350.009,123.61,1,0.0429868721595,0.0429860966595809,123.612203318937,0.00178247628620322,-0.00180403895450309,-0.276966204303569,0.0210229885172506
350.02,89.938,1,0.0311726888103,0.0311728240380214,89.9376132303608,-0.00043004029349522,0.0004338019163734,-0.276947613078789,0.0210230186176459
350.017,65.377,1,0.0226059420117,0.0226062143428637,65.3762173651883,-0.00119711031655878,0.00120468841147861,-0.276952683239268,0.021023010424191
350.02,47.483,1,0.0163903215144,0.0163903329724779,47.4829669567916,-6.958955509713e-05,6.99075844304806e-05,-0.276947613078789,0.0210230186176459
350.011,34.477,1,0.0118862485437,0.0118863264478323,34.4767747794079,-0.000653248809763756,0.000655413960026282,-0.276962823950714,0.0210229940018589
340.01,1336.3,1,0.5620497497052,0.562053361380232,1336.29296890739,-0.000526161236935411,0.000642589919100234,-0.294620662477926,0.0209167177465084
340.005,1018,1,0.407645625297,0.407651568781625,1017.98705892704,-0.00127122524172466,0.00145800279854083,-0.294629884205327,0.0209166176726005
339.995,764.51,1,0.2956608598647,0.295661838198164,764.507701081422,-0.000300704840798672,0.000330897185534362,-0.294648328891392,0.0209164173586684
340.001,568.43,1,0.2144208962619,0.214418447201297,568.436068465244,0.00106758356243872,-0.00114217440806615,-0.294637261882744,0.0209165375736104
339.996,419.67,1,0.1555031182773,0.155504222125858,419.667160784187,-0.000676535328532729,0.00070985622016575,-0.294646484348906,0.020916437400031
339.99,308.28,1,0.1127729781873,0.112773067414442,308.279764333094,-7.64457331391668e-05,7.91210299945285e-05,-0.294657551850109,0.0209163171186156
340.006,225.64,1,0.0817759482762,0.0817764400488578,225.638676192373,-0.000586690137661363,0.000601365888294544,-0.294628039827015,0.020916637691811
339.987,164.73,1,0.0593051284794,0.0593066729410316,164.72578576025,-0.00255827095835625,0.00260426319136265,-0.294663085822373,0.020916256947988
339.99,120.03,1,0.0430048885077,0.0430045202351416,120.031014775062,0.000845434526655501,-0.000856350455110756,-0.294657551850109,0.0209163171186156
340.002,87.34,1,0.0311816969844,0.0311817365748316,87.3398901309279,-0.000125794678405422,0.000126966892222096,-0.294635417438764,0.0209165576016804
340.013,63.495,1,0.0226104461979,0.0226105490416795,63.4947131243531,-0.000451808247668721,0.000454850729365636,-0.294615129638472,0.0209167777642827
340.003,46.136,1,0.0163993294902,0.0163993763732288,46.135868743909,-0.000284498203066495,0.000285883814774048,-0.294633573011202,0.0209165776275353
340.008,33.497,1,0.0118907525316,0.0118907352541494,33.4970485009171,0.000144791823476913,-0.000145301574447305,-0.294624351119639,0.0209166777235884
329.999,979.51,1,0.4078212841962,0.407814273360876,979.524507870955,0.00148113556319707,-0.00171909500448406,-0.313943529678918,0.0205837788921615
329.991,737.61,1,0.2957824699176,0.295773080197007,737.631116830684,0.00286287207118446,-0.00317453586587356,-0.313959689281888,0.0205833870961726
329.999,549.46,1,0.2145064736184,0.214500812854959,549.473483943701,0.00245403554414557,-0.0026389709112172,-0.313943529678918,0.0205837788921615
330.001,406.18,1,0.1555616711115,0.155556925592487,406.191768273309,0.00289730496558202,-0.00305057086331673,-0.31393948996544,0.0205838768042411
329.987,298.64,1,0.1128180190578,0.112814278216708,298.649544520268,0.00319599526772203,-0.00331581880587728,-0.313967769532836,0.0205831911095549
330.006,218.73,1,0.0818074767864,0.0818075496136546,218.72981035751,-8.67016368378536e-05,8.90227365775036e-05,-0.313929391009436,0.0205841215198507
329.985,159.75,1,0.0593276488155,0.0593266107407595,159.752742606168,0.00171681137260916,-0.00174973180499326,-0.313971809770683,0.0205830930940849
329.983,116.45,1,0.0430229046576,0.0430236088316295,116.448119995183,-0.00161443092939517,0.00163674218431318,-0.313975850083448,0.020582995063839
329.997,84.755,1,0.0311952091464,0.0311953566055421,84.7546033128557,-0.000468039813954154,0.000472698039556358,-0.3139475694673,0.0205836809653164
330.003,61.623,1,0.022619454372,0.0226195724991658,61.6226804782847,-0.000518510483535999,0.000522237025937378,-0.313935450326864,0.0205839747015567
330.009,44.778,1,0.0164038336764,0.0164039254070225,44.7777508950907,-0.000556310932459009,0.000559202344402197,-0.313923331860526,0.020584268304934
330.01,32.517,1,0.0118952567178,0.0118953154044666,32.5168401746602,-0.000491513177195009,0.000493361916824853,-0.31392131218167,0.0205843172259159
320.002,710.51,1,0.2958860636223,0.295866625215862,710.551732220186,0.00587355845608146,-0.00656955795747389,-0.335115688718233,0.0198743206863213
320.003,530.36,1,0.2145830429991,0.214568148650926,530.394038050455,0.00641791433278622,-0.00694106485119117,-0.335113468329473,0.0198744176980595
320.001,392.63,1,0.155620224144,0.155610990104185,392.652041263147,0.00561374911428075,-0.00593370165481482,-0.335117909128466,0.019874223668456
319.998,288.97,1,0.1128540515559,0.11285052141367,288.978688974712,0.00300687777699619,-0.003128059809505,-0.335124570487997,0.0198739325780945
319.999,211.79,1,0.0818390052966,0.0818358103730926,211.798037549904,0.00379505637865061,-0.00390391292732216,-0.335122350013347,0.0198740296143429
319.992,154.76,1,0.0593456649654,0.0593447446631677,154.762351620711,0.00151952746919309,-0.0015507488757922,-0.335137893786843,0.0198733502318984
320.001,112.85,1,0.0430364170179,0.043034014408354,112.856208746643,0.00550176928969741,-0.0055827359999986,-0.335117909128466,0.019874223668456
319.999,82.166,1,0.0312087213084,0.0312083024122273,82.1670912670561,0.00132812484002426,-0.00134224074266425,-0.335122350013347,0.0198740296143429
320.013,59.752,1,0.0226284623478,0.0226284646339495,59.7519940092665,-1.00259967002685e-05,1.010298190882e-05,-0.335091265622767,0.0198753874785201
320.011,43.418,1,0.0164083376643,0.0164083972905468,43.4178430945372,-0.000361383441960792,0.000363389930592523,-0.335095705992349,0.0198751935714273
320.008,31.535,1,0.0118997607057,0.0118996754644932,31.5352249922423,0.000713468344192041,-0.000716327066241089,-0.335102366707743,0.0198749026648551
