283.37,190.7,0.33,0.088144,0.085294,196.72,3.1583,-3.2326
288.36,194.9,0.33,0.088133,0.085478,200.63,2.9419,-3.0118
293.35,199.1,0.33,0.088121,0.085656,204.54,2.7333,-2.7981
298.35,203.2,0.33,0.08811,0.085781,208.45,2.584,-2.6434
303.34,207.3,0.33,0.088099,0.085909,212.34,2.4317,-2.4859
308.33,211.2,0.33,0.088088,0.085952,216.22,2.3758,-2.4248
313.33,215.6,0.33,0.088077,0.086204,220.09,2.0811,-2.1258
318.31,219.8,0.33,0.088065,0.086378,223.92,1.8762,-1.9165
323.31,224,0.33,0.088054,0.086545,227.76,1.6778,-1.7139
328.3,228.2,0.33,0.088043,0.086716,231.57,1.4752,-1.5072
333.28,232.1,0.33,0.088032,0.086775,235.35,1.3994,-1.4282
338.28,235.9,0.33,0.088021,0.086794,239.13,1.3673,-1.3935
343.27,239.8,0.33,0.08801,0.08686,242.88,1.2828,-1.3064
348.28,243.6,0.33,0.087998,0.086888,246.62,1.2407,-1.2622
353.28,247.4,0.33,0.087987,0.086924,250.34,1.1891,-1.2087
283.37,320.9,0.4364,0.15189,0.14922,326.07,1.6124,-1.7531
288.36,328.8,0.4364,0.15187,0.14974,333.04,1.2899,-1.4026
293.35,336.4,0.4364,0.15185,0.15006,340.05,1.0852,-1.178
298.35,343.5,0.4364,0.15183,0.15011,347.09,1.0465,-1.1316
303.34,350.3,0.4364,0.15181,0.15002,354.13,1.0928,-1.1757
308.33,356.2,0.4364,0.15179,0.14954,361.15,1.3899,-1.4835
313.33,363.8,0.4364,0.15177,0.14983,368.17,1.2,-1.2775
318.31,371,0.4364,0.15175,0.14996,375.12,1.1109,-1.1784
323.31,377.9,0.4364,0.15173,0.14996,382.07,1.1029,-1.1648
328.3,384.8,0.4364,0.15171,0.14999,388.96,1.0804,-1.1364
333.28,391.4,0.4364,0.15169,0.14991,395.79,1.1207,-1.1735
338.28,398.1,0.4364,0.15167,0.14989,402.59,1.1286,-1.1771
343.27,404.6,0.4364,0.15166,0.14981,409.33,1.1701,-1.2154
348.28,411.3,0.4364,0.15164,0.14982,416.05,1.1547,-1.1954
353.28,417.9,0.4364,0.15162,0.14982,422.7,1.1478,-1.1845
288.36,586.5,0.7208,0.29126,0.29074,587.35,0.14443,-0.17985
293.35,606.8,0.7208,0.29122,0.29359,602.82,-0.65597,0.81374
298.35,621.9,0.7208,0.29119,0.2934,618.04,-0.61993,0.75861
303.34,635.3,0.7208,0.29115,0.29244,632.96,-0.36805,0.44362
308.33,649.2,0.7208,0.29111,0.29197,647.6,-0.24575,0.29257
313.33,662.6,0.7208,0.29108,0.29138,662.01,-0.089537,0.10535
318.31,676.3,0.7208,0.29104,0.29115,676.09,-0.031198,0.036358
323.31,689.6,0.7208,0.291,0.29082,689.97,0.053926,-0.062277
328.3,702.1,0.7208,0.29097,0.29026,703.58,0.21069,-0.24111
333.28,715.3,0.7208,0.29093,0.29018,716.92,0.22659,-0.25757
338.28,728.2,0.7208,0.29089,0.29004,730.08,0.25883,-0.29237
343.27,740.9,0.7208,0.29086,0.28993,743,0.28343,-0.31837
348.28,753.8,0.7208,0.29082,0.28998,755.75,0.25892,-0.28953
353.28,766.6,0.7208,0.29078,0.29007,768.27,0.21806,-0.2429
288.36,625.8,0.7796,0.31117,0.31372,621.79,-0.64146,0.81842
293.35,650.3,0.7796,0.31113,0.31824,638.64,-1.7925,2.2856
298.35,667.4,0.7796,0.31109,0.31829,655.11,-1.841,2.3151
303.34,682.6,0.7796,0.31105,0.31752,671.15,-1.6775,2.0784
308.33,695.9,0.7796,0.31101,0.31597,686.81,-1.3068,1.5936
313.33,711.2,0.7796,0.31097,0.31576,702.13,-1.2749,1.5389
318.31,725.9,0.7796,0.31093,0.31546,717.06,-1.2179,1.4565
323.31,740.4,0.7796,0.31089,0.31522,731.72,-1.1718,1.39
328.3,755,0.7796,0.31086,0.3152,746.06,-1.1847,1.3961
333.28,769.2,0.7796,0.31082,0.31514,760.07,-1.1866,1.3902
338.28,783.5,0.7796,0.31078,0.31523,773.88,-1.2284,1.4325
343.27,797.5,0.7796,0.31074,0.31531,787.39,-1.2672,1.4716
348.28,811.3,0.7796,0.3107,0.31538,800.72,-1.3036,1.5085
353.28,824.8,0.7796,0.31066,0.31544,813.8,-1.334,1.5389
283.37,443.4,0.7796,0.21352,0.21352,443.4,0.00059379,-0.0006898
288.36,454.3,0.7796,0.21349,0.21353,454.24,-0.013281,0.015287
293.35,464.5,0.7796,0.21347,0.21328,464.86,0.077866,-0.088785
298.35,474.6,0.7796,0.21344,0.21308,475.3,0.14764,-0.16696
303.34,484.1,0.7796,0.21341,0.21271,485.53,0.29459,-0.33043
308.33,492.7,0.7796,0.21338,0.212,495.57,0.58248,-0.64747
313.33,503.1,0.7796,0.21336,0.21225,505.46,0.4695,-0.51989
318.31,512.6,0.7796,0.21333,0.21216,515.15,0.49818,-0.549
323.31,522.5,0.7796,0.2133,0.2123,524.73,0.42717,-0.46924
328.3,532.5,0.7796,0.21328,0.21255,534.15,0.30943,-0.33916
333.28,541.4,0.7796,0.21325,0.21238,543.41,0.37126,-0.4054
338.28,551,0.7796,0.21322,0.21255,552.58,0.28709,-0.31294
343.27,560.4,0.7796,0.21319,0.21269,561.62,0.21682,-0.23596
348.28,569.5,0.7796,0.21317,0.21273,570.57,0.18792,-0.20416
353.28,578.4,0.7796,0.21314,0.21274,579.4,0.17283,-0.18746
298.34,835.2,0.8172,0.43239,0.42305,848.57,1.6008,-2.1591
303.33,872.1,0.8172,0.43233,0.43196,872.66,0.064113,-0.086619
308.32,896.3,0.8172,0.43228,0.43249,895.96,-0.038039,0.050519
313.33,918.9,0.8172,0.43222,0.4324,918.61,-0.031659,0.041372
318.31,938.2,0.8172,0.43217,0.43085,940.43,0.23807,-0.30572
323.31,952.1,0.8172,0.43211,0.42664,961.7,1.0082,-1.2664
328.3,978.6,0.8172,0.43206,0.43,982.32,0.38012,-0.47664
333.28,997.8,0.8172,0.432,0.42956,1002.3,0.45481,-0.56479
338.27,1018.2,0.8172,0.43195,0.43003,1021.9,0.36055,-0.44494
343.27,1041,0.8172,0.43189,0.43192,1040.9,-0.0048099,0.0059254
348.28,1057.4,0.8172,0.43184,0.43074,1059.6,0.20836,-0.25456
353.28,1078.1,0.8172,0.43178,0.43194,1077.8,-0.029158,0.035563
288.36,591.9,0.8172,0.29945,0.29134,605.22,2.2502,-2.7098
293.35,613.1,0.8172,0.29942,0.29465,621.23,1.3253,-1.5928
298.35,629.4,0.8172,0.29938,0.29517,636.84,1.1828,-1.4071
303.34,644.3,0.8172,0.29934,0.29511,652.04,1.2012,-1.4137
308.33,658.8,0.8172,0.2993,0.29503,666.87,1.2243,-1.4274
313.33,673.2,0.8172,0.29926,0.29506,681.38,1.2146,-1.405
318.31,687.5,0.8172,0.29923,0.29522,695.51,1.1648,-1.339
323.31,701.2,0.8172,0.29919,0.29519,709.39,1.1686,-1.3352
328.3,714.5,0.8172,0.29915,0.29512,722.97,1.1857,-1.3474
333.28,728.2,0.8172,0.29911,0.29536,736.26,1.1068,-1.2532
338.28,741.7,0.8172,0.29907,0.29559,749.35,1.0319,-1.1648
343.27,754.6,0.8172,0.29904,0.29565,762.19,1.0059,-1.1319
348.28,767.6,0.8172,0.299,0.29582,774.86,0.94593,-1.0621
353.28,780.9,0.8172,0.29896,0.29621,787.3,0.8198,-0.9195
283.37,598.2,0.9234,0.30465,0.29971,606.28,1.3503,-1.622
288.36,625.9,0.9234,0.30461,0.30671,622.36,-0.56544,0.68749
293.35,642.1,0.9234,0.30457,0.30684,638.13,-0.61796,0.74382
298.35,657,0.9234,0.30453,0.3064,653.63,-0.51321,0.6111
303.34,670.8,0.9234,0.3045,0.30557,668.8,-0.2984,0.35144
308.33,684.4,0.9234,0.30446,0.30483,683.69,-0.10417,0.1215
313.33,698.9,0.9234,0.30442,0.3047,698.34,-0.080392,0.093139
318.31,712.9,0.9234,0.30438,0.30449,712.68,-0.030939,0.035621
323.31,726.5,0.9234,0.30434,0.30418,726.84,0.046965,-0.053754
328.3,740.2,0.9234,0.3043,0.30404,740.75,0.074623,-0.085011
333.28,754.2,0.9234,0.30426,0.30416,754.43,0.030256,-0.034354
338.28,767.6,0.9234,0.30422,0.30406,767.96,0.047386,-0.053613
343.27,780.4,0.9234,0.30419,0.3038,781.29,0.114,-0.1285
348.28,793.7,0.9234,0.30415,0.3038,794.5,0.10044,-0.11295
353.28,807.3,0.9234,0.30411,0.30402,807.52,0.026966,-0.030282
288.36,668.6,0.8747,0.33478,0.33607,666.57,-0.30435,0.38587
293.35,696.2,0.8747,0.33473,0.34177,684.69,-1.6534,2.102
298.35,713.8,0.8747,0.33469,0.34142,702.35,-1.604,2.0106
303.34,730.3,0.8747,0.33465,0.34076,719.51,-1.4774,1.8277
308.33,745.2,0.8747,0.33461,0.33952,736.23,-1.2032,1.4686
313.33,761.6,0.8747,0.33456,0.33936,752.58,-1.1839,1.4325
318.31,776.9,0.8747,0.33452,0.33887,768.49,-1.0825,1.2987
323.31,792.9,0.8747,0.33448,0.3389,784.11,-1.1088,1.3223
328.3,808.4,0.8747,0.33444,0.33887,799.37,-1.1172,1.3254
333.28,823.6,0.8747,0.33439,0.33886,814.29,-1.1298,1.3344
338.28,838.5,0.8747,0.33435,0.33881,829,-1.1332,1.3332
343.27,852.9,0.8747,0.33431,0.33867,843.41,-1.1128,1.3045
348.28,867.7,0.8747,0.33427,0.3388,857.63,-1.1604,1.3573
353.28,882.7,0.8747,0.33422,0.33914,871.6,-1.258,1.4697
288.36,692.2,0.9726,0.35039,0.34238,705.48,1.9192,-2.2847
293.35,715.4,0.9726,0.35034,0.34572,723.32,1.107,-1.3195
298.35,733.4,0.9726,0.3503,0.34597,741.06,1.0449,-1.236
303.34,749.7,0.9726,0.35026,0.34538,758.62,1.1893,-1.3932
308.33,765.7,0.9726,0.35021,0.34475,775.99,1.3443,-1.5605
313.33,781.9,0.9726,0.35017,0.34433,793.22,1.4478,-1.667
318.31,798.1,0.9726,0.35012,0.34406,810.19,1.5146,-1.7317
323.31,814.2,0.9726,0.35008,0.34381,827.03,1.5762,-1.7904
328.3,829.8,0.9726,0.35003,0.34344,843.66,1.6699,-1.8848
333.28,845,0.9726,0.34999,0.34299,860.06,1.7827,-1.9998
338.28,860.3,0.9726,0.34994,0.34266,876.36,1.8666,-2.0826
343.27,876.2,0.9726,0.3499,0.34269,892.45,1.8545,-2.061
348.28,891,0.9726,0.34985,0.34228,908.44,1.9571,-2.1645
353.28,906.3,0.9726,0.34981,0.34218,924.24,1.9791,-2.1809
313.15,649.7,0,0.28887,0.289,649.44,-0.040321,0.047574
318.15,665.2,0,0.28882,0.28947,663.91,-0.19392,0.22761
323.15,679.7,0,0.28877,0.28945,678.32,-0.20318,0.23687
303.15,497.8,0,0.22357,0.22344,498.06,0.051907,-0.059331
308.15,510,0,0.22353,0.22403,509,-0.19614,0.22356
313.15,521,0,0.22349,0.22402,519.9,-0.21082,0.23899
318.15,531.7,0,0.22345,0.2239,530.75,-0.17833,0.20099
323.15,542.3,0,0.22341,0.22376,541.54,-0.13983,0.15672
293.15,371.6,0,0.16918,0.16885,372.25,0.1738,-0.19327
298.15,380.5,0,0.16915,0.16923,380.35,-0.039415,0.043734
303.15,388.9,0,0.16912,0.16935,388.42,-0.12354,0.13659
308.15,396.9,0,0.16909,0.1693,396.46,-0.11189,0.12315
313.15,404.9,0,0.16906,0.16927,404.45,-0.11035,0.12094
318.15,412.6,0,0.16903,0.16912,412.41,-0.04667,0.050903
323.15,420.4,0,0.169,0.16904,420.32,-0.019927,0.021645
283.15,275,0,0.12765,0.12716,275.97,0.35358,-0.3846
288.15,281.6,0,0.12762,0.12745,281.95,0.12532,-0.13614
293.15,287.8,0,0.1276,0.12754,287.93,0.044697,-0.048417
298.15,294.1,0,0.12758,0.12769,293.87,-0.07733,0.083571
303.15,300.3,0,0.12756,0.12779,299.8,-0.16579,0.17871
308.15,306,0,0.12753,0.12767,305.69,-0.10046,0.10784
313.15,311.7,0,0.12751,0.12757,311.56,-0.043355,0.046366
318.15,317.4,0,0.12749,0.12749,317.39,-0.001591,0.0016956
323.15,323.1,0,0.12747,0.12742,323.21,0.032851,-0.034897
278.15,208,0,0.096371,0.096253,208.24,0.11393,-0.12195
283.15,212.8,0,0.09635,0.096417,212.66,-0.064365,0.06881
288.15,217.5,0,0.096335,0.096531,217.09,-0.19027,0.20307
293.15,222,0,0.09632,0.096554,221.49,-0.22831,0.24303
298.15,226.4,0,0.096299,0.096538,225.87,-0.23373,0.2481
303.15,230.6,0,0.096284,0.096443,230.24,-0.15594,0.16494
308.15,234.6,0,0.096269,0.096273,234.59,-0.0041785,0.0044014
313.15,239,0,0.096248,0.096287,238.91,-0.038526,0.040498
318.15,243.2,0,0.096233,0.096226,243.22,0.0072101,-0.0075584
323.15,247.4,0,0.096213,0.096174,247.49,0.038379,-0.040134
353.15,1548.1,0,0.69042,0.68992,1548.9,0.050039,-0.071892
358.15,1586.3,0,0.69029,0.68995,1586.9,0.03494,-0.049345
363.15,1623.9,0,0.69016,0.68982,1624.5,0.035041,-0.048688
368.15,1661,0,0.69003,0.68963,1661.7,0.041698,-0.057058
373.15,1697.7,0,0.68989,0.68945,1698.5,0.047224,-0.063708
378.15,1734.2,0,0.68977,0.6894,1734.9,0.039873,-0.053097
383.15,1770.5,0,0.68963,0.68946,1770.8,0.018929,-0.024909
388.15,1806.5,0,0.6895,0.68958,1806.3,-0.008888,0.011569
393.15,1842.4,0,0.68936,0.68985,1841.4,-0.054532,0.07029
338.15,1173.7,0,0.52108,0.52131,1173.3,-0.033458,0.044212
343.15,1202,0,0.52098,0.52149,1201.1,-0.075532,0.098614
348.15,1229.7,0,0.52088,0.52144,1228.7,-0.082882,0.10693
353.15,1257,0,0.52079,0.52129,1256,-0.076177,0.097159
358.15,1283.8,0,0.52068,0.52102,1283.1,-0.050986,0.064317
363.15,1310.4,0,0.52059,0.52079,1310,-0.030907,0.03859
368.15,1336.8,0,0.52049,0.5206,1336.6,-0.017007,0.021033
373.15,1363,0,0.52039,0.52045,1362.9,-0.010047,0.012317
378.15,1389.1,0,0.52029,0.52039,1388.9,-0.015362,0.018681
383.15,1415.1,0,0.52019,0.5204,1414.6,-0.033735,0.040723
388.15,1441,0,0.52009,0.52048,1440.1,-0.063471,0.076109
393.15,1466.8,0,0.51999,0.52063,1465.3,-0.10282,0.12255
328.15,895.7,0,0.39145,0.3921,894.5,-0.13343,0.16474
333.15,916,0,0.39138,0.39207,914.67,-0.14499,0.1774
338.15,936.1,0,0.39131,0.39201,934.71,-0.1481,0.17962
343.15,955.7,0,0.39123,0.39177,954.6,-0.11508,0.13836
348.15,975,0,0.39116,0.39148,974.34,-0.067864,0.080898
353.15,994.1,0,0.39109,0.39118,993.91,-0.019189,0.022691
358.15,1013,0,0.39101,0.39088,1013.3,0.029264,-0.034344
363.15,1032,0,0.39094,0.39071,1032.5,0.05036,-0.058701
368.15,1050.8,0,0.39086,0.39054,1051.6,0.071937,-0.083319
373.15,1069.6,0,0.39079,0.39044,1070.4,0.077573,-0.089329
378.15,1088.4,0,0.39072,0.39042,1089.1,0.066117,-0.075743
383.15,1107.2,0,0.39064,0.39046,1107.6,0.039813,-0.045397
388.15,1125.9,0,0.39057,0.39052,1126,0.009791,-0.011117
393.15,1144.4,0,0.39049,0.39057,1144.2,-0.016894,0.019105
328.15,709.5,0,0.29643,0.29687,708.61,-0.12565,0.14606
333.15,723.9,0,0.29638,0.29667,723.28,-0.085242,0.098396
338.15,738.1,0,0.29632,0.29644,737.84,-0.034661,0.039739
343.15,752.1,0,0.29627,0.29618,752.3,0.026196,-0.029839
348.15,766,0,0.29621,0.29593,766.64,0.083316,-0.094319
353.15,780.2,0,0.29616,0.29587,780.87,0.085397,-0.096175
358.15,794.1,0,0.2961,0.29573,794.98,0.11096,-0.12433
363.15,807.8,0,0.29604,0.29556,808.98,0.14656,-0.16341
368.15,821.6,0,0.29599,0.29548,822.88,0.15533,-0.17244
373.15,835.5,0,0.29593,0.29548,836.66,0.13889,-0.15361
378.15,849.3,0,0.29588,0.29548,850.34,0.12237,-0.13486
383.15,863,0,0.29582,0.29547,863.92,0.10611,-0.11656
388.15,876.7,0,0.29576,0.29551,877.39,0.079033,-0.086569
393.15,890.5,0,0.29571,0.29561,890.77,0.030777,-0.033629
323.15,544.2,0,0.22426,0.22464,543.39,-0.14931,0.16744
328.15,554.5,0,0.22422,0.22437,554.16,-0.061784,0.068874
333.15,564.7,0,0.22418,0.22411,564.86,0.027836,-0.030854
338.15,575.1,0,0.22414,0.22397,575.48,0.066895,-0.073788
343.15,585.5,0,0.2241,0.22387,586.04,0.092077,-0.10111
348.15,595.8,0,0.22406,0.22376,596.52,0.12092,-0.13223
353.15,606.3,0,0.22402,0.22376,606.93,0.10382,-0.11313
358.15,616.5,0,0.22397,0.22367,617.25,0.12238,-0.13287
363.15,626.8,0,0.22393,0.22365,627.52,0.1153,-0.12479
368.15,636.8,0,0.22389,0.22354,637.72,0.14499,-0.15641
373.15,646.9,0,0.22384,0.22349,647.84,0.14601,-0.15708
378.15,657.1,0,0.2238,0.2235,657.92,0.12415,-0.13324
383.15,667.1,0,0.22376,0.22346,667.91,0.12165,-0.13024
388.15,677.1,0,0.22372,0.22345,677.86,0.11255,-0.12024
393.15,687.1,0,0.22367,0.22345,687.74,0.093285,-0.099466
323.15,422,0,0.16941,0.16974,421.25,-0.17743,0.19309
328.15,429.7,0,0.16938,0.16962,429.13,-0.13164,0.14267
333.15,437.3,0,0.16935,0.16949,436.97,-0.075472,0.081465
338.15,445,0,0.16932,0.16942,444.76,-0.054344,0.058457
343.15,452.6,0,0.16929,0.16933,452.5,-0.0222,0.0238
348.15,460.1,0,0.16925,0.16922,460.18,0.017803,-0.019024
353.15,467.9,0,0.16922,0.16925,467.83,-0.014497,0.015455
358.15,475.5,0,0.16919,0.16921,475.44,-0.012866,0.013682
363.15,483,0,0.16916,0.16916,483,0.00067097,-0.00071179
368.15,490.4,0,0.16912,0.16908,490.51,0.023013,-0.024355
373.15,497.9,0,0.16909,0.16906,498,0.019451,-0.020544
378.15,505.4,0,0.16906,0.16905,505.44,0.0084925,-0.008954
383.15,512.9,0,0.16903,0.16905,512.84,-0.012126,0.012765
388.15,520.5,0,0.169,0.16909,520.21,-0.055314,0.05816
393.15,528.3,0,0.16897,0.16922,527.55,-0.14146,0.14864
323.15,325.1,0,0.12802,0.12826,324.52,-0.17805,0.18962
328.15,330.8,0,0.12799,0.12819,330.32,-0.14607,0.15509
333.15,336.5,0,0.12797,0.12814,336.09,-0.12055,0.12763
338.15,342.3,0,0.12795,0.12813,341.83,-0.13751,0.14527
343.15,347.9,0,0.12793,0.12806,347.55,-0.10117,0.10661
348.15,353.5,0,0.1279,0.12801,353.23,-0.077717,0.0817
353.15,359.3,0,0.12788,0.12803,358.87,-0.11831,0.12419
358.15,364.9,0,0.12785,0.128,364.5,-0.11019,0.11544
363.15,370.6,0,0.12783,0.12801,370.11,-0.13238,0.13849
368.15,376.2,0,0.1278,0.12799,375.68,-0.13763,0.14376
373.15,381.8,0,0.12778,0.12798,381.23,-0.14893,0.15536
378.15,387.5,0,0.12775,0.12801,386.76,-0.19157,0.19964
383.15,393.1,0,0.12773,0.12801,392.28,-0.20931,0.2179
388.15,398.7,0,0.12771,0.12802,397.76,-0.23556,0.24499
393.15,404.4,0,0.12768,0.12807,403.22,-0.29073,0.30221
323.15,249,0,0.096794,0.096825,248.93,-0.029966,0.031368
328.15,253.3,0,0.096774,0.09681,253.21,-0.035161,0.036733
333.15,257.6,0,0.096759,0.096802,257.49,-0.042643,0.04447
338.15,261.8,0,0.096738,0.096762,261.74,-0.023758,0.024728
343.15,266.1,0,0.096723,0.096768,265.98,-0.044789,0.046551
348.15,270.4,0,0.096703,0.096779,270.19,-0.076529,0.079443
353.15,274.6,0,0.096682,0.096759,274.39,-0.077029,0.079848
358.15,278.9,0,0.096667,0.096781,278.58,-0.11404,0.1181
363.15,283.2,0,0.096646,0.096807,282.75,-0.16036,0.16594
368.15,287.5,0,0.096631,0.096836,286.91,-0.20537,0.21237
373.15,291.7,0,0.096611,0.096835,291.04,-0.22472,0.23217
393.15,308.8,0,0.096534,0.096964,307.47,-0.43129,0.4449
378.15,295.9,0,0.09659,0.096838,295.17,-0.24816,0.25619
383.15,300.2,0,0.096575,0.096877,299.29,-0.30343,0.31314
388.15,304.5,0,0.096555,0.096919,303.38,-0.36627,0.37789
353.15,1092.1,0,0.43822,0.43777,1093,0.084745,-0.10269
353.15,861.7,0,0.33148,0.33124,862.25,0.063416,-0.072668
353.15,672.3,0,0.25075,0.25063,672.6,0.044339,-0.048924
353.15,520,0,0.18967,0.18949,520.45,0.085713,-0.092059
353.15,400.2,0,0.14347,0.1434,400.39,0.046927,-0.049477
353.15,306.7,0,0.10853,0.10853,306.71,0.002826,-0.0029403
353.15,234.2,0,0.082094,0.082094,234.2,0.00014712,-0.00015154
353.15,178.4,0,0.0621,0.062093,178.42,0.011652,-0.011912
353.15,1750.7,0,0.83257,0.83234,1751,0.016969,-0.027784
353.15,1452.6,0,0.62978,0.63093,1450.7,-0.13267,0.18241
353.15,1170.8,0,0.47638,0.47676,1170,-0.064408,0.079938
353.15,927.5,0,0.36035,0.36062,926.89,-0.065535,0.076307
353.15,725.7,0,0.27258,0.2728,725.17,-0.073554,0.082079
353.15,562.4,0,0.20619,0.20621,562.33,-0.012089,0.013089
353.15,432.9,0,0.15596,0.15582,433.27,0.086405,-0.091521
353.15,331.8,0,0.11798,0.1178,332.28,0.14486,-0.15105
353.15,254,0,0.08924,0.089262,253.94,-0.023445,0.024221
323.15,903.4,0,0.41005,0.40793,907.12,0.41208,-0.51672
323.15,722.5,0,0.31017,0.31091,721.05,-0.20082,0.23727
323.15,566.5,0,0.23462,0.235,565.69,-0.14248,0.16072
323.15,439.9,0,0.17748,0.17759,439.65,-0.05655,0.061728
323.15,339.3,0,0.13425,0.13423,339.34,0.011576,-0.012343
323.15,260.4,0,0.10155,0.10147,260.59,0.073011,-0.076524
323.15,199.3,0,0.076816,0.076792,199.36,0.029987,-0.031066
323.15,888.8,0,0.40132,0.39967,891.72,0.32804,-0.40923
323.15,709.2,0,0.30357,0.30419,707.97,-0.17293,0.2034
323.15,555.7,0,0.22963,0.22997,554.97,-0.13209,0.14855
323.15,431.3,0,0.1737,0.17381,431.05,-0.05891,0.064175
323.15,332.5,0,0.13139,0.13137,332.55,0.016322,-0.017377
323.15,255.1,0,0.099388,0.09931,255.29,0.074471,-0.07797
323.15,195.1,0,0.075177,0.075116,195.25,0.078499,-0.081218
400.03,3726,1,1.5489,1.5508,3722.8,-0.085344,0.12638
400.03,2953.7,1,1.1231,1.124,2951.9,-0.060072,0.078751
400.04,2285.2,1,0.81428,0.81471,2284.2,-0.043699,0.052771
400.03,1736.5,1,0.59037,0.59058,1735.9,-0.031779,0.036291
400.04,1302.4,1,0.42798,0.42809,1302.1,-0.022516,0.024738
400.04,967.62,1,0.31027,0.31032,967.49,-0.013196,0.014112
400.03,714,1,0.22492,0.22494,713.94,-0.0087921,0.0092254
400.03,524.3,1,0.16305,0.16306,524.27,-0.0059262,0.0061347
400.03,383.61,1,0.11819,0.1182,383.59,-0.0044787,0.0045916
400.03,279.93,1,0.085669,0.085672,279.92,-0.003077,0.0031328
400.04,203.92,1,0.062103,0.062104,203.92,-0.00092767,0.00093978
400.04,148.33,1,0.045011,0.045013,148.32,-0.00475,0.004795
400.04,107.78,1,0.032623,0.032625,107.78,-0.0033608,0.0033838
390.03,3549.2,1,1.5499,1.5495,3549.8,0.01602,-0.024777
390.02,2835.1,1,1.1238,1.1232,2836.2,0.037903,-0.050864
390.03,2204.5,1,0.81479,0.81444,2205.3,0.035537,-0.043509
390.02,1680.8,1,0.59073,0.59052,1681.3,0.029935,-0.034479
390.03,1263.5,1,0.42825,0.42812,1263.8,0.027476,-0.030356
390.03,940.27,1,0.31046,0.3104,940.46,0.019749,-0.021199
390.03,694.61,1,0.22506,0.22502,694.72,0.016181,-0.017022
390.03,510.46,1,0.16315,0.16313,510.52,0.012389,-0.012848
390.03,373.69,1,0.11826,0.11825,373.72,0.0085015,-0.0087269
390.04,272.82,1,0.085724,0.085717,272.84,0.0081635,-0.0083188
390.03,198.78,1,0.062136,0.062134,198.79,0.0036018,-0.0036512
390.04,144.64,1,0.045044,0.045042,144.65,0.0046341,-0.0046799
390.03,105.11,1,0.032645,0.032644,105.11,0.0030167,-0.0030383
380.03,3369.3,1,1.5506,1.5494,3370.9,0.046394,-0.075729
380.02,2714.6,1,1.1243,1.123,2716.8,0.08205,-0.11328
380.02,2122.6,1,0.81516,0.81441,2124.2,0.073428,-0.091401
380.02,1624.5,1,0.59098,0.5906,1625.4,0.055552,-0.064651
380.03,1224.3,1,0.42844,0.42823,1224.8,0.042143,-0.046879
380.02,912.63,1,0.31059,0.31048,912.94,0.033968,-0.03663
380.02,675.02,1,0.22515,0.22509,675.2,0.02602,-0.027458
380.03,496.49,1,0.16322,0.16318,496.58,0.019105,-0.019856
380.03,363.67,1,0.1183,0.11829,363.72,0.014929,-0.015348
380.03,265.63,1,0.085757,0.085749,265.66,0.010107,-0.010311
380.02,193.62,1,0.062169,0.062164,193.64,0.0084815,-0.0086044
380.04,140.89,1,0.045055,0.045054,140.89,0.0022166,-0.0022398
380.04,102.41,1,0.032656,0.032655,102.41,0.0035408,-0.0035676
370.02,3185.9,1,1.5513,1.5506,3186.8,0.027068,-0.047226
370.02,2592.5,1,1.1248,1.1237,2594.2,0.066527,-0.095062
370.02,2039.9,1,0.8155,0.81485,2041.2,0.06207,-0.078819
370.02,1567.6,1,0.59122,0.59089,1568.4,0.048171,-0.05676
370.02,1184.7,1,0.42861,0.42843,1185.2,0.038418,-0.043081
370.02,884.84,1,0.31071,0.31062,885.07,0.026487,-0.028719
370.02,655.34,1,0.22524,0.2252,655.47,0.01973,-0.020899
370.02,482.47,1,0.16328,0.16326,482.54,0.01474,-0.01536
370.03,353.66,1,0.11836,0.11835,353.7,0.011152,-0.011486
370.03,258.42,1,0.08579,0.085784,258.44,0.0076624,-0.0078271
370.02,188.43,1,0.062191,0.062189,188.44,0.0037488,-0.0038069
370.02,137.15,1,0.045077,0.045075,137.16,0.0053024,-0.0053615
370.02,99.731,1,0.032678,0.032677,99.734,0.0028598,-0.0028828
360.01,2998.4,1,1.5521,1.5522,2998.3,-0.0035907,0.0067962
360.01,2468.4,1,1.1253,1.1252,2468.6,0.0063969,-0.0095245
360.01,1956.3,1,0.81585,0.81588,1956.2,-0.0026068,0.00339
360.01,1510.3,1,0.59148,0.59151,1510.2,-0.0054892,0.0065646
360.01,1145,1,0.42879,0.42885,1144.9,-0.012535,0.014195
360.01,856.95,1,0.31085,0.31087,856.88,-0.0076525,0.0083519
360.01,635.61,1,0.22534,0.22536,635.57,-0.0063258,0.006731
360.01,468.41,1,0.16335,0.16336,468.38,-0.0057182,0.0059774
360.01,343.58,1,0.1184,0.11841,343.56,-0.0046076,0.0047565
360.01,251.22,1,0.085834,0.085837,251.21,-0.0026773,0.0027393
360.01,183.22,1,0.062213,0.062214,183.22,-0.0021769,0.0022131
360.01,133.41,1,0.045099,0.045099,133.41,0.00017366,-0.00017573
360.01,97.019,1,0.032689,0.03269,97.017,-0.0018778,0.0018941
350.01,2805.1,1,1.5527,1.5505,2807,0.067909,-0.14139
350.01,2341.8,1,1.1257,1.1269,2340.2,-0.068268,0.10666
350.01,1871.4,1,0.81617,0.8173,1869.5,-0.10397,0.13903
350.01,1452.4,1,0.5917,0.59244,1450.9,-0.10399,0.12656
350.01,1104.8,1,0.42894,0.42936,1103.9,-0.085756,0.098224
350.01,828.85,1,0.31096,0.3112,828.26,-0.071152,0.078263
350.01,615.75,1,0.22542,0.22555,615.41,-0.054825,0.058652
350.01,454.28,1,0.1634,0.16348,454.09,-0.042149,0.044227
350.01,333.49,1,0.11845,0.11848,333.39,-0.03057,0.031642
350.01,243.95,1,0.085856,0.085876,243.9,-0.022083,0.022637
350.01,178.01,1,0.062235,0.062246,177.98,-0.017985,0.018309
350.01,129.64,1,0.04511,0.045115,129.63,-0.010464,0.010599
350.01,94.304,1,0.0327,0.032703,94.295,-0.0090824,0.0091674
340.01,2212.4,1,1.1263,1.1282,2210.2,-0.099177,0.16359
340.01,1785.4,1,0.81657,0.81921,1781.2,-0.23402,0.32314
340.01,1393.9,1,0.59199,0.59374,1390.6,-0.2376,0.2951
340.01,1064.5,1,0.42916,0.43018,1062.3,-0.2052,0.23823
340.01,800.68,1,0.31111,0.31168,799.35,-0.16642,0.18473
340.01,595.87,1,0.22553,0.22584,595.11,-0.128,0.13781
340.01,440.15,1,0.16348,0.16365,439.73,-0.09595,0.10113
340.01,323.4,1,0.1185,0.11859,323.17,-0.071205,0.073936
340.01,236.73,1,0.0859,0.085948,236.6,-0.054555,0.056052
340.02,172.82,1,0.062268,0.062294,172.75,-0.040167,0.040957
340.01,125.9,1,0.045132,0.045147,125.86,-0.032211,0.032669
340.01,91.586,1,0.032711,0.032718,91.567,-0.021056,0.021271
330.01,1697.6,1,0.81692,0.82099,1691.7,-0.34867,0.49874
330.01,1334.7,1,0.59223,0.59532,1329.2,-0.40982,0.5209
330.01,1023.7,1,0.42933,0.43117,1020,-0.36386,0.42904
330.01,772.21,1,0.31123,0.31227,769.92,-0.29641,0.33258
330.01,575.84,1,0.22562,0.22618,574.51,-0.23126,0.25086
330.01,425.94,1,0.16355,0.16385,425.19,-0.17595,0.18644
330.01,313.28,1,0.11856,0.11872,312.87,-0.13217,0.13776
330.01,229.46,1,0.085933,0.08602,229.23,-0.098502,0.10148
330.01,167.58,1,0.06229,0.062334,167.46,-0.069504,0.071008
330.01,122.14,1,0.045154,0.045177,122.08,-0.049889,0.050665
330.01,88.865,1,0.032722,0.032735,88.83,-0.039232,0.039673
320.01,1274.6,1,0.5926,0.59703,1267.3,-0.5739,0.74799
320.01,982.61,1,0.42959,0.43243,977.2,-0.55097,0.66119
320.01,743.66,1,0.31142,0.31305,740.23,-0.46059,0.5232
320,555.79,1,0.22576,0.22666,553.76,-0.36489,0.39928
320.01,411.74,1,0.16364,0.16413,410.59,-0.27957,0.29808
320.01,303.15,1,0.11862,0.11888,302.51,-0.21077,0.22067
320.01,222.22,1,0.085988,0.086127,221.87,-0.15595,0.16117
320.01,162.37,1,0.062323,0.062398,162.18,-0.11712,0.11993
320.01,118.38,1,0.045176,0.045214,118.28,-0.082358,0.083777
320.01,86.168,1,0.032744,0.032765,86.115,-0.061874,0.062643
400.03,1659.3,1,0.56065,0.56082,1658.9,-0.026342,0.029865
400.04,922.79,1,0.29495,0.29499,922.67,-0.012704,0.01354
400.04,680.65,1,0.21392,0.21394,680.59,-0.008685,0.009091
400.03,499.69,1,0.15514,0.15515,499.66,-0.0055759,0.0057622
400.03,365.6,1,0.11251,0.11252,365.59,-0.0038882,0.0039814
400.03,266.83,1,0.081591,0.081594,266.82,-0.0032745,0.003331
400.02,194.4,1,0.05917,0.059171,194.4,-0.0022379,0.0022658
400.03,141.45,1,0.042906,0.042908,141.44,-0.0047494,0.0047923
400.03,102.82,1,0.031114,0.031114,102.82,0.00056357,-0.00056723
400.03,74.689,1,0.022561,0.022561,74.688,-0.0016298,0.0016374
400.03,54.227,1,0.016359,0.016359,54.226,-0.0017805,0.0017866
400.04,39.363,1,0.011864,0.011864,39.363,-0.0011467,0.0011496
390.03,1606.2,1,0.56074,0.56054,1606.7,0.032058,-0.036634
390.03,1205.8,1,0.40672,0.40662,1206.1,0.022213,-0.024411
390.03,896.52,1,0.295,0.29494,896.69,0.018817,-0.020124
390.03,661.97,1,0.21396,0.21392,662.07,0.015275,-0.016027
390.02,486.34,1,0.15517,0.15515,486.4,0.011915,-0.012334
390.03,356.02,1,0.11253,0.11252,356.05,0.0071571,-0.0073374
390.04,259.94,1,0.0816,0.081597,259.95,0.0043247,-0.0044031
390.03,189.44,1,0.059179,0.059177,189.45,0.0034059,-0.0034504
390.03,137.87,1,0.042915,0.042915,137.87,3.2009e-05,-3.2312e-05
390.03,100.23,1,0.031119,0.031119,100.23,0.00037071,-0.00037324
390.03,72.817,1,0.022565,0.022565,72.818,0.0014415,-0.0014486
390.03,52.875,1,0.016363,0.016363,52.875,-0.00016857,0.00016917
390.03,38.373,1,0.011864,0.011864,38.373,0.00033446,-0.00033533
380.02,1553.2,1,0.56105,0.56067,1554.1,0.058711,-0.067742
380.02,1168.8,1,0.40693,0.40675,1169.3,0.040564,-0.044862
380.02,870.42,1,0.29515,0.29505,870.71,0.033181,-0.035639
380.02,643.44,1,0.21406,0.21401,643.59,0.023897,-0.025148
380.03,473.11,1,0.15524,0.15521,473.2,0.019236,-0.019953
380.02,346.54,1,0.11258,0.11257,346.59,0.013354,-0.01371
380.02,253.11,1,0.081641,0.081631,253.14,0.011729,-0.011954
380.02,184.52,1,0.059206,0.059202,184.53,0.0066137,-0.006705
380.02,134.31,1,0.042933,0.04293,134.32,0.0055207,-0.0055757
380.03,97.661,1,0.031132,0.031131,97.664,0.0035042,-0.0035294
380.03,70.957,1,0.022574,0.022574,70.959,0.0021641,-0.0021753
380.02,51.536,1,0.016372,0.016372,51.536,0.00087415,-0.00087745
380.02,37.397,1,0.011868,0.011868,37.397,0.0011178,-0.0011208
370.02,1499.8,1,0.5613,0.56101,1500.5,0.04403,-0.051397
370.01,1131.5,1,0.40713,0.40699,1131.8,0.030895,-0.034431
370.02,844.17,1,0.29528,0.2952,844.38,0.024705,-0.026672
370.01,624.82,1,0.21416,0.21412,624.93,0.017851,-0.018853
370.01,459.83,1,0.15531,0.15529,459.89,0.012755,-0.013263
370,337.01,1,0.11263,0.11262,337.04,0.0096653,-0.0099407
370.01,246.27,1,0.081677,0.081671,246.29,0.007185,-0.007332
370.01,179.58,1,0.059229,0.059226,179.59,0.0040488,-0.0041085
370.01,130.75,1,0.042951,0.04295,130.75,0.0018683,-0.0018882
370.01,95.087,1,0.031146,0.031145,95.089,0.002275,-0.0022924
370.02,69.094,1,0.022583,0.022583,69.095,0.0016843,-0.0016936
370.02,50.181,1,0.016377,0.016377,50.181,0.00022511,-0.00022602
370.02,36.434,1,0.011877,0.011877,36.434,0.00011056,-0.00011088
360.02,1446,1,0.56159,0.56165,1445.9,-0.0094324,0.011164
360.01,1094,1,0.40733,0.40736,1093.9,-0.0072195,0.008119
360.02,817.83,1,0.29543,0.29545,817.77,-0.0073943,0.0080326
360.01,606.15,1,0.21426,0.21428,606.11,-0.0057966,0.0061481
360.01,446.51,1,0.15539,0.15539,446.49,-0.0037315,0.0038919
360.01,327.49,1,0.11269,0.11269,327.47,-0.0049681,0.0051206
360.01,239.43,1,0.081717,0.08172,239.42,-0.00336,0.0034339
360.02,174.66,1,0.05926,0.059262,174.66,-0.0027285,0.0027717
360.02,127.2,1,0.042973,0.042975,127.2,-0.0031996,0.0032361
360.02,92.515,1,0.031159,0.03116,92.513,-0.0020468,0.0020636
360.02,67.244,1,0.022597,0.022597,67.243,-0.0015622,0.0015715
360.02,48.84,1,0.016386,0.016386,48.839,-0.0020672,0.0020761
360.02,35.456,1,0.011882,0.011882,35.456,-0.00084039,0.00084301
350.02,1391.5,1,0.56184,0.56253,1390.1,-0.10293,0.12383
350.01,1056.2,1,0.4075,0.4079,1055.3,-0.086902,0.098791
350.01,791.28,1,0.29555,0.29577,790.74,-0.068023,0.07444
350.01,587.35,1,0.21434,0.21446,587.05,-0.051861,0.055286
350.01,433.13,1,0.15545,0.15551,432.96,-0.039042,0.040867
350.01,317.9,1,0.11273,0.11276,317.81,-0.028602,0.029554
350.01,232.55,1,0.081749,0.081766,232.5,-0.020736,0.02123
350.01,169.7,1,0.059283,0.059291,169.68,-0.014713,0.014965
350.01,123.61,1,0.042987,0.042991,123.6,-0.0093232,0.0094381
350.02,89.938,1,0.031173,0.031175,89.93,-0.0085182,0.0085941
350.02,65.377,1,0.022606,0.022608,65.372,-0.0070883,0.007134
350.02,47.483,1,0.01639,0.016391,47.481,-0.0043519,0.0043722
350.01,34.477,1,0.011886,0.011887,34.476,-0.0037686,0.0037814
340.01,1336.3,1,0.56205,0.56368,1333.1,-0.23614,0.28952
340.01,1018,1,0.40765,0.4086,1015.9,-0.20231,0.23292
340,764.51,1,0.29566,0.29619,763.28,-0.16068,0.17737
340,568.43,1,0.21442,0.2147,567.73,-0.12233,0.1312
340,419.67,1,0.1555,0.15566,419.28,-0.093772,0.098574
339.99,308.28,1,0.11277,0.11285,308.07,-0.069439,0.071969
340.01,225.64,1,0.081776,0.081819,225.52,-0.051759,0.053108
339.99,164.73,1,0.059305,0.059329,164.66,-0.040201,0.040954
339.99,120.03,1,0.043005,0.043017,120,-0.026696,0.027056
340,87.34,1,0.031182,0.031188,87.322,-0.020208,0.020405
340.01,63.495,1,0.02261,0.022614,63.485,-0.015071,0.015176
340,46.136,1,0.016399,0.016401,46.131,-0.010931,0.010986
340.01,33.497,1,0.011891,0.011892,33.494,-0.0075904,0.0076183
330,979.51,1,0.40782,0.40951,976.04,-0.35474,0.41442
329.99,737.61,1,0.29578,0.29673,735.5,-0.28609,0.31902
330,549.46,1,0.21451,0.21502,548.24,-0.22197,0.23976
330,406.18,1,0.15556,0.15584,405.5,-0.16733,0.17678
329.99,298.64,1,0.11282,0.11296,298.27,-0.12415,0.12913
330.01,218.73,1,0.081807,0.081887,218.52,-0.094278,0.096985
329.99,159.75,1,0.059328,0.059369,159.64,-0.067674,0.069068
329.98,116.45,1,0.043023,0.043046,116.39,-0.052461,0.05324
330,84.755,1,0.031195,0.031207,84.723,-0.03758,0.037982
330,61.623,1,0.022619,0.022626,61.606,-0.027561,0.027774
330.01,44.778,1,0.016404,0.016407,44.769,-0.020236,0.020349
330.01,32.517,1,0.011895,0.011897,32.512,-0.0148,0.01486
320,710.51,1,0.29589,0.29737,707.34,-0.44586,0.50299
320,530.36,1,0.21458,0.2154,528.51,-0.34942,0.38055
320,392.63,1,0.15562,0.15606,391.58,-0.26656,0.28328
320,288.97,1,0.11285,0.11309,288.39,-0.20153,0.21051
320,211.79,1,0.081839,0.081964,211.48,-0.14818,0.15289
319.99,154.76,1,0.059346,0.059413,154.59,-0.1106,0.11313
320,112.85,1,0.043036,0.04307,112.76,-0.076753,0.078011
320,82.166,1,0.031209,0.031227,82.118,-0.058832,0.059529
320.01,59.752,1,0.022628,0.022638,59.726,-0.043868,0.044243
320.01,43.418,1,0.016408,0.016414,43.404,-0.032305,0.032505
320.01,31.535,1,0.0119,0.011902,31.528,-0.022529,0.022629
